Manure_Usage,Pesticide_Frequency,Animal_Density,Soil_pH,Soil_Moisture,AMR_Risk
18.727005942368123,6.228981421634616,403.6217965253388,6.996496435031943,61.86055632622576,High
47.53571532049581,5.750182531556772,478.0088383148234,6.568539276076525,23.790908968413298,Critical
36.59969709057025,0.30770478967722825,150.2807392754994,5.440922629797647,79.7915650683852,High
29.93292420985183,4.094973931513876,374.92445976419936,4.032321788948552,59.04929912553932,High
7.800932022121826,4.562347425430285,343.0475898862492,6.4811961095040695,22.57631068455634,High
7.799726016810133,4.785873370762806,499.69822607296265,5.428129942811216,86.98704459849654,High
2.9041806084099733,6.962068430727987,543.6522362887563,7.673041503552676,51.46923706682565,High
43.308807288746756,6.403230560722541,7.2940628864320844,4.119731326352418,15.8318761497324,Medium
30.05575058716044,7.2948611135213355,404.41195143527557,6.924139056528954,60.146632353205376,High
35.40362888980228,9.17859913850554,31.10147947183741,8.707371187530327,30.255912561024818,High
1.0292247147901223,9.755828864593122,329.31519904641357,4.872046335557497,74.2954761501842,High
48.49549260809972,8.617476914717933,172.57963742620692,6.358247453752977,75.42576588529525,Critical
41.622132040021086,11.466284351459215,184.0659597132847,4.457109959085691,88.31578846837294,Critical
10.616955533913808,0.21879099211633957,211.77510207141395,7.128409561306763,50.149562481960295,Medium
9.091248360355031,2.349335828202553,372.7754694297661,6.752658402981128,46.39655037821897,Medium
9.17022549267169,0.09075449973770544,200.42997940126153,6.036827621064162,70.27804843571845,Medium
15.212112147976885,7.7696965698552365,439.61943035416823,6.606885107368706,20.597652507354127,High
26.237821581611893,10.776366587399842,242.71643134432182,8.482873292345051,53.75324110344994,High
21.597250932105787,2.9217875589155913,41.01192018597517,4.981471511555335,53.699808010468075,Low
14.561457009902096,11.12441453755568,470.25590549046433,4.112822558526736,17.157849824830976,High
30.592644736118974,0.7232086834747302,171.4549947556236,8.308324423495506,43.43872684055309,Medium
6.974693032602092,11.213232321666172,259.66012775955755,6.885585411939532,78.26278388537615,High
14.607232426760907,4.219472246875613,411.2663299331409,8.453292277309213,78.49228975957283,High
18.318092164684586,1.2170499413905982,199.4736942892272,6.984726117065863,17.939013193574482,Medium
22.803499210851797,5.830461110235907,33.95139368802938,8.050805449798514,17.25767061982647,Medium
39.25879806965068,3.0813188126460953,224.35262820768816,6.14836681677574,31.015638160154822,High
9.983689107917987,3.418474823543074,566.6691496165821,7.749299656441344,79.98128500431947,Medium
25.71172192068058,3.687479579115439,385.0406383791349,8.56520733444928,20.312206805879917,High
29.620728443102124,9.636310773991962,402.8874892003242,6.860614818611031,67.5997442101957,Critical
2.3225206359998865,6.469935320103054,379.36929218258393,4.903925752811897,18.093249569048258,High
30.37724259507192,3.7356923898720438,119.39528337566207,5.343988075150991,59.85102829982603,Medium
8.526206184364577,7.32400539973102,251.00031846136807,4.993222884487029,38.48538392953159,Medium
3.252579649263976,8.593808090678323,450.5638790179909,5.234285137978665,73.11311703726936,High
47.44427686266666,3.271488008802405,60.823738531895486,5.532077246755182,28.69523590602909,Medium
48.28160165372797,4.962589218304219,166.71166565382737,6.775668933765942,61.136146351196786,High
40.419867405823055,1.4626331200433706,165.79146507951216,6.939958147319164,28.854602766070798,High
15.230688458668535,2.173792194416164,259.2113565567036,6.132498736209305,67.0928226489723,Medium
4.883605700319194,8.173414247579794,588.221244565311,7.077103899104177,79.8942427648599,High
34.211651325607846,2.1772601723475233,40.501528010293164,4.407874628056829,20.144143930140803,Low
22.007624686980066,6.301960604004722,311.22059662835704,4.438941185290799,79.32765508764028,High
6.101911742238942,8.508555140669191,107.61880920732627,4.859147301788292,57.486020353143836,Medium
24.75884550556351,1.282523077136926,582.4059272458464,6.590387490201724,20.168839269361918,High
1.7194260557609198,6.807746635546843,67.98210283647852,5.069973393491567,44.20334842877696,Low
45.4660201039391,3.078753404416365,242.16060141695473,5.416422017462887,22.868823478807833,High
12.938999080000846,11.555122502850958,442.7309909007637,6.00156418086497,66.02783110932556,High
33.1261142176991,5.802547760639097,422.73265681646717,8.059330620051899,70.70945075343597,High
15.585553804470548,9.671910597301897,253.63718213635934,4.069310679564301,18.463721621823915,High
26.00340105889054,6.602718505875141,207.91450077163094,7.246894101183112,50.49118821557155,High
27.335513967163983,0.52095039425783,238.56742713172235,7.344382655203427,75.17000448207338,Medium
9.242722776276352,7.597816507128268,158.56575789518357,7.9932789017831825,84.89304332407971,Medium
48.47923138822793,11.416840106479885,123.19976322407989,8.663764695301566,51.081429339341604,High
38.75664116805573,7.219341841755974,289.823818535334,4.100689244746449,86.02233788891256,High
46.97494707820945,9.830266313121482,161.12025364056439,4.768918527566081,52.85511763648238,Critical
44.74136752138244,10.610477560180893,172.47699893835008,8.430856470279966,41.53523956799263,Critical
29.894998940554256,2.7369572633871897,394.05363808473425,6.292592810935076,77.85625028423163,High
46.093711751155844,2.5445380788987197,581.1223990199353,6.822953194667317,49.43861683664713,High
4.424625102595975,7.3317718662119,362.18232033562504,7.315136018615737,47.752200845161845,High
9.79914312095726,4.932341637680457,46.187680238979766,7.395333022478187,49.22499915278627,Low
2.2613644455269033,10.078335634400645,45.35016831244019,8.658702016582541,77.74280014957964,Medium
16.266516538163216,10.800277480776135,570.8539325073396,8.984747087058349,76.55532333504416,High
19.4338644844741,4.241056551632617,178.37447418440019,7.600787304654701,42.281599395216894,Medium
13.567451588694796,2.8424467076937847,55.24019164948526,5.436106046025754,36.663988789642005,Low
41.436875457596464,9.366306182926342,359.42675229022893,8.398762011471717,49.354241923130346,Critical
17.837666334679465,3.297672426577633,374.18926697415964,4.246104572703808,55.82180077896872,Medium
14.046725484369038,9.871371822164141,389.10289207121286,5.155404264372481,29.066976850239755,High
27.134804157912424,5.084859043785154,160.44121671452478,8.486928587318573,73.51640677724725,High
7.046211248738132,8.010598791497646,9.06641052868502,5.280957572196774,48.91862125859383,Medium
40.109849037701984,1.1464237660160181,579.0092216726831,5.103255298108742,36.72364387359677,High
3.727532183988541,7.486311896118876,150.5358274146615,4.690626465701236,18.545679437119247,Medium
49.34434683002586,5.421212144846749,405.6157728315285,8.295558788234583,29.107612832288552,Critical
38.61223846483287,7.03930155810569,423.97792192722574,6.500291295955433,85.9424937404787,Critical
9.93578407670862,2.016170492938361,366.0044502476914,7.374466015270774,34.40797494556213,Medium
0.27610585618011996,8.842484939330186,187.74443652818894,5.195331920375148,23.508743149362825,High
40.77307142274171,10.353564930518743,162.65775225843947,7.790202105056082,46.85382333239946,Critical
35.34286719238086,2.6008776010893078,358.60096962162186,7.800027724810493,34.56701946881989,High
36.45035840204937,1.1485746662419407,519.6573801670149,5.562990124541501,12.812740021695532,High
38.56351733429729,0.28366303255603675,568.0402373540373,6.053413165051414,35.85161738235338,High
3.7022325867045183,7.703658005319192,63.54348264225458,5.048451387151005,53.528689915157486,Low
17.92328642721363,7.285128433065369,92.8971675586319,8.882805116614522,54.136989761597356,Medium
5.793452976256486,6.56036895256884,566.8417552698478,7.228012885292058,38.524713694151096,High
43.155171293779674,2.783365153391705,441.92113700087555,8.672719403577577,45.78422050020805,High
31.164906341377897,4.6908719508661765,529.7962948978638,5.516927718145666,87.24143345878132,High
16.54490124263246,7.1337160222340765,121.5795804812059,7.909454564984449,40.18787817842493,Medium
3.177917514301182,5.961202306310033,352.55152266564113,7.82929321942371,30.65814506079864,High
15.54911608578311,11.853426242578648,420.6837566504842,7.458278259332708,29.47736352534081,High
16.259166101337353,1.6372770306807976,408.0671312681836,8.828194876334003,46.62116901633073,Medium
36.480308916903205,8.341734648571126,244.89101452001887,5.9677766805315775,70.76161189735552,Critical
31.877873567760656,4.8518252172515055,9.236935014785086,4.653586617948786,26.479054735077856,Medium
44.36063712881633,5.1383953791073775,349.7556340825579,7.358544296220304,66.74369017126145,Critical
23.610746258097464,8.611173187898114,151.86092350776525,7.646549002386031,11.691985867953303,High
5.9797122969150855,8.309233815892435,270.1525476857342,6.8753028672940735,43.51463823871568,High
35.66223936114975,11.89507192442626,574.5486090502903,5.034089465666981,72.06920521622294,Critical
38.03925243084487,1.5407314734495028,239.42119058546083,6.522279708346777,37.09863646195451,High
28.063859878474812,1.249315792609996,503.88096399865606,5.5609486828456465,55.098968115631955,High
38.54835899772805,8.692065805544894,113.12436344955069,6.137332640833446,26.398338626072864,High
24.689779818219538,6.940643004076909,403.4762988150173,7.226092879223319,69.35963129009379,High
26.136641469099704,3.2899279987176704,586.2041726633661,7.726073713454173,14.18232826150077,High
21.37705091792748,0.9530324278678393,61.13586052376208,5.161123454506716,78.20341159004003,Low
1.2709563372047594,1.0278989951571664,4.991965336315207,6.026626803234767,25.855710913733454,Low
5.394571349665222,10.73029049596942,260.1496755795686,5.345807854958146,79.95184253666646,High
1.5714592843367126,2.302407896624915,55.57528983082032,4.993158069309345,38.20233930404139,Low
31.82052056318902,3.880458745386249,449.03060980573883,7.916936099979192,67.81468595795893,High
15.717799053816334,2.7198768267238562,548.7291983091353,8.546263472184961,35.53802382289508,Medium
25.42853455823514,4.259955669983247,260.4125836252553,5.851160928422884,82.47293369877181,High
45.37832369630465,0.8330861129531204,155.22698529326456,7.756394621868834,20.13097004146995,High
12.464611457443747,6.228717490899244,260.64199140396585,8.484976446822056,24.281583141807896,Medium
20.519146151781488,0.8113507631065788,434.0686907100006,8.230621052651157,49.44241001270419,High
37.77755692715243,9.604278093868338,5.432496948222587,4.914066942696129,16.55507512305169,High
11.439908274581123,2.8045449829251963,353.6723936908183,8.781459407566807,25.678414776140954,Medium
3.8489954914396494,6.480142975254127,367.97501093242744,5.883382202147312,85.50131057696115,High
14.4875726456884,10.560949050737499,382.6129481375613,5.696203305869181,88.11917289183097,High
8.061064362700222,7.810528428566331,145.21324798852632,4.3121566363889015,40.10074634643375,Medium
46.484882617128655,6.395493438616024,428.43163402687605,6.430868270524416,83.86288168111486,Critical
40.40601897822085,3.892005037384507,54.83489179906584,4.545068078204643,53.58597405387454,Medium
31.67018782552117,3.996022956698375,119.5622018800805,5.24269910463713,31.579397269901364,Medium
43.57302950938588,8.033843462378282,526.4820279926892,5.584713108836407,66.19189768644789,Critical
40.18360384495573,11.929672334654011,443.2338904359398,8.04413161745842,62.71214452598858,Critical
9.328502944301793,7.942070278192544,8.24733240680715,8.377443251979482,89.13002552869867,Low
44.627949924498886,6.693401008440299,149.02575622188013,5.512331587307348,31.203782992742664,High
26.967112095782536,8.767806122870953,128.64388979589873,8.29349060622287,63.76476021293883,High
40.372007758203125,5.582467347404618,162.48379682218354,8.286154686848956,14.161900402355752,High
44.80456499617466,0.7217081112094226,148.53586216793184,7.823254751924368,19.09168309573755,Medium
15.900173748593193,6.747561790534918,37.51577744570744,4.733475570075908,10.313469996087461,Low
5.502596226383838,11.491503414064562,275.3643099580922,7.451614234503645,89.95685448477386,High
11.396758127097083,2.1036353082919157,439.64008487169906,8.725120322902843,74.18189577179822,Medium
21.355389431312815,8.280058689847989,364.03903483046184,7.412702393835785,72.93784117868327,Critical
40.90073829612466,2.4112042639086777,403.72300115884786,5.65808424553917,50.77808602305438,High
43.036529162817175,6.429932213676976,48.68950712174349,6.502896587154156,34.0053666324352,Medium
0.34760652655953517,1.1601173957606354,570.8944261060723,7.228625216755268,22.101142757014074,Medium
25.537365128878285,5.404451235098222,503.0951003058149,6.552852043642518,32.773979107717096,High
20.87055015743895,9.073959946742953,483.0541910973976,4.599764708654849,40.077697754331126,Critical
11.105390523536512,4.170858290867785,493.7902830250605,5.560320223260103,70.50480775842352,High
5.99326836668414,7.978940693846616,559.6263048796568,8.011980152768164,53.17294311225219,High
16.8807585701814,9.54539952947675,326.55237966821863,8.307090230477588,16.198690124438613,High
47.14548519562596,11.126133833753432,120.16921072057553,4.686500163577851,11.44232071671298,High
16.160146601037763,2.8157049822654425,370.0701647115247,8.761933761993623,18.186574362725054,Medium
25.939531087168305,4.791790989711698,445.7288962007634,5.644113089243047,42.83989709579035,High
35.15094794475889,1.8289921599650092,442.75043601241526,7.3115686936536,84.65543336392146,High
18.1814801189647,11.909802025900502,312.8694145001281,7.759125729783406,60.99219849673773,High
48.589104136048036,11.124011615091543,41.075231600146836,8.059731173189416,74.14607199004121,High
48.122364747105564,6.479485563366715,222.6677630580767,8.728748511129652,47.30996756036389,High
12.589114791268209,10.104399532517055,552.4599650780144,5.564597740144113,38.933286655603425,High
24.86242529461927,6.251495727264507,350.6693458544556,8.292532272757771,18.67202981732982,High
15.043915490838483,7.4830282560331165,322.9991659534281,4.6584345171810355,80.07464177489639,High
14.242024718873381,1.0694931853921994,161.3121086293161,7.5252045317679634,72.65280232223222,Medium
1.8443473677266398,9.063245045961695,221.06935194994733,7.7098886475699295,23.44944780781801,High
30.478216698994842,1.532561803622818,537.2076534919015,7.388616206006603,50.980845110100844,High
25.133951161443076,9.91281156303034,399.87782851610143,5.261573680675765,48.98998463369959,Critical
2.5739375624994674,9.38433705204463,472.43221605139973,8.365215735076017,60.00732421492229,High
13.932323211830571,8.504936372915717,272.6072538405931,4.844292316851975,85.6949515193009,High
45.41329429833269,0.4339245662971454,378.14833167369477,4.268173957604154,56.38171534099837,High
11.97809453334862,3.6375402713439433,149.0301652459245,7.587324953059561,53.217381342289485,Low
7.244743604561155,3.1573508389301144,423.27649817009177,6.377378576163668,14.025834634773116,Medium
24.47263801387815,4.32163688965823,256.5608002220024,8.245490099793379,15.032598081441915,High
49.282522705530035,1.0517129611660625,265.52730888884736,5.916985705291294,24.98774330614311,High
12.10276357557502,11.243493876372753,389.593394746129,4.8413929425385644,12.597661735339862,High
33.606777370293926,6.645626888548515,561.768372881356,8.182210962349348,69.468231645601,High
38.08098076643588,3.6662917278962825,38.403807965172554,6.744548158200359,67.86642431951705,Medium
11.881877199619984,4.763778204891401,494.84594240820456,4.9459789619517744,20.884498754531435,High
36.41081743059298,5.366430486058028,175.42986624731586,7.6019199929322285,76.88631206362247,High
18.38915663596266,7.207132000327407,266.3516727038267,6.555568192447502,22.382882787688956,Medium
31.615291529678974,6.188153132357973,13.147997265005372,7.021564911201599,34.094046959788706,Medium
31.676485538044734,11.032703678573007,180.62764670058783,6.30449169103291,29.9181519329092,High
26.788734203737924,5.963561794869963,301.57874557807827,8.143544919090033,39.78456788584382,High
4.514488502720415,11.905896177879752,33.70564640846341,8.14781357841525,30.37310127119695,Medium
41.7651247794619,10.217099492941148,294.6574376298991,7.546944109121931,49.11607411507617,Critical
16.03900324858679,2.5021261722880297,556.2663773150564,4.527006886982312,42.59263050837483,Medium
9.325925519992712,11.167142575726995,63.235930864683134,8.194269309520344,88.92555926234613,Medium
2.038757077738196,1.396396774625713,458.6644368453026,7.355064902664549,14.474108010258053,Medium
29.54464715941209,9.809396501894298,245.80263202559559,7.485120830021497,21.37451011098813,High
33.87821809211412,4.567479521718961,393.1042287146028,5.814914202019358,14.226071512688199,High
0.8293914463928076,10.535691845340834,156.14195879113763,8.396397780785033,60.067295598590064,High
25.60465291496405,10.416680281289404,95.69535752481497,7.626858001174288,14.360742193097566,High
11.324788759896897,9.671104801411454,96.27756856273587,4.562952332645972,76.91517899008987,Medium
32.25863952047249,9.480365235684737,42.29516738588679,6.038890172030813,50.955090454554224,Medium
8.718321450249572,3.6561496691764894,111.38802294074581,8.431901809800708,52.1606099665227,Low
34.546886905123294,0.9710313966150261,398.531630993381,4.235983508486895,54.92756061697554,High
19.33676731502687,4.8357621451819375,529.0143671061048,8.807083098210247,23.66509650449686,High
46.836499436836725,2.082294179838104,488.4754113546971,7.395812841597814,25.815224249159,High
6.876047207299663,8.33941306682954,411.08058592469047,7.156879888216883,35.50538582984038,High
17.053317552512926,4.153196718453426,66.2591180466616,5.352796282439957,57.47971326574812,Low
5.673676062029454,11.707322410318978,173.5124677775699,5.243958943695885,26.809422075217164,High
46.23468091392814,7.691664928143984,185.8841251934814,8.710291097442976,19.3065381706609,High
43.86696766904905,9.869766763612331,149.97416783857273,5.491362271170614,87.60935091347457,High
12.89708138575778,1.5902960729021811,309.0033958258339,7.8775264835949965,11.758545184769833,Medium
32.999202301708955,10.34417378727147,321.3322889278035,5.9656089910353955,74.21579242688173,Critical
40.86111001006079,11.073086286160732,214.13158510266612,4.69627035392352,73.04281196600176,Critical
27.760040579973115,5.844743025827231,212.2734952418616,4.053576488476795,33.77712910760768,High
26.482528917800323,7.27503525301173,497.1333587436488,6.7212866850762545,20.850129280585072,High
12.092614545022585,9.177717610835945,473.5757089918114,8.878894092744662,21.65029173643387,High
4.655138390294961,2.0980635271249506,184.6774990084474,5.845680969046022,65.7945293789754,Medium
44.860787897666334,6.030792917561309,548.2730663239556,5.785961669965224,61.42452728689389,Critical
45.02090285816652,4.783956333267757,571.6890102015036,5.72045808924721,72.61965394011094,Critical
31.655072863663396,1.7564879059469893,196.0455252180245,6.602719186524292,84.99849379192837,Medium
16.951489552435035,4.410413067498377,212.6549692758329,6.203324417121468,65.35418906132736,Medium
17.460478730633046,0.8180677126259228,303.3804920531753,8.399573133635073,22.468122924115477,Medium
36.297783943511966,0.3097428833938438,564.6724875202041,6.527603958617451,29.475409341232854,High
44.85551299762886,1.6219954698578731,525.7916598853869,6.538789190942844,77.37549846984916,High
44.354321213255865,11.557381339070087,61.54077755015388,4.691857973602783,26.744486066736684,High
38.99377729288119,6.5943544307402036,235.63844596284974,8.913697704551929,15.801785356358513,High
32.10158230771439,11.58986593383864,332.0227138498631,5.249864454344149,66.26240432338004,Critical
4.206998249752441,5.189974539961584,301.879483530924,4.366820337298013,42.202108439211365,High
8.081435704730689,3.741793597023115,116.3178407621356,7.315731244876044,83.60320420367229,Low
44.927709426353964,6.073702354082929,515.2900627008928,6.976831850784363,62.020405687492925,Critical
30.321452982979498,5.274140263594921,406.1644697981024,6.0757282699637285,17.233518223332858,High
0.4598525808314824,1.267976211140927,502.74502491108217,6.1109611694033905,85.82852538029286,Medium
5.0735771433016055,7.689915776282475,515.2585676096833,7.925319605232156,30.68458109121967,High
33.17508845540279,2.5924581901151953,449.0135121994439,4.978563200498245,36.97699923250286,High
0.25307919231093434,7.435055458773955,263.5263607498304,8.101266594724448,42.180833094683365,Medium
8.040402570874933,7.8024131087778406,366.32805300925475,7.24373556947509,14.09794371234506,High
27.436689468329305,1.8242982375437773,96.21924367184589,6.094848868897622,49.721233778448386,Medium
34.59475988463466,0.7361955253280179,404.1872504849446,6.290143082919343,19.86547928602338,High
32.59806297513003,9.369139032821277,107.55195344356845,5.283236035930479,42.077626135068144,High
11.21346547302799,5.517605085231843,416.3697543060941,7.760571663484874,38.05678303936674,High
35.6089610673768,0.6979655460657095,137.7588964523812,6.564373711526339,71.82720667412028,Medium
11.862454374840004,11.938395806037207,70.53078009013198,5.604272713749218,74.25364093061849,Medium
16.269984907963387,0.6933667319563996,99.17069408577446,6.9802505788047515,22.27303059112704,Low
37.32457025590121,8.340422746302638,1.1952811314421607,8.978672260256616,39.3240949903381,High
32.48164495236073,11.804147103160963,431.24377071211813,6.176311398282769,39.868252882546535,Critical
42.4611705247089,2.8701612505911074,439.44062943502746,8.603457003893098,22.112835514886804,High
32.88064461501717,1.7069924242463541,308.96000994795565,5.725084199622831,73.87628040409524,High
28.415430166773582,1.4566192730691467,96.81768063323022,4.273663534624929,66.57826626683386,Medium
4.683738391404624,3.6393017708111466,50.132602506413846,5.0212105318421445,25.230542903762778,Low
18.385790152971676,1.2125497321277603,11.477379862372207,6.093475716638421,39.33775268750392,Low
13.260118384086272,8.305936100329582,99.44890617913242,5.098174642972845,18.46440198852114,Medium
12.199482168954178,0.7475015775607523,534.513320989888,4.001135191091278,60.256527767443515,Medium
48.65052773762228,6.1130655377974765,144.92210502100906,8.575007688737635,19.709753963889575,High
19.65488623333802,11.960362246235722,212.5627963303294,8.219397056154644,88.87473348999342,High
44.602327758855665,9.767643234072226,63.20729068879991,7.711461157434735,72.45456597502898,High
31.556931299863145,7.382633258772131,133.41678284890216,4.839072978230143,41.21908396671961,Medium
39.74056517708242,3.67504344943934,311.53474246812306,4.60181788104993,56.285114582348356,High
25.131854655259605,7.486750035499662,364.6516098573915,4.338023747361916,82.9073452973127,High
28.845194231317954,6.32449756693982,147.21138849972664,7.620145943864606,54.32794243166609,Medium
24.625884690943195,5.113000606684458,34.639295535070325,8.644039803439426,23.959878911836412,Medium
9.762149389902225,1.5685245208823937,234.6197214764392,6.152679104565185,40.296268446492746,Medium
36.12260576307526,10.639250582885602,140.52202255580048,4.595703359980241,77.45158920237964,High
14.03861812204279,5.39741578585587,131.73235393788116,6.561964103660532,61.53704127916943,Medium
1.215798321572692,2.335470141849181,575.9176816280732,5.74415953729315,62.05795074670402,Medium
32.27361479535839,4.413112210527475,369.7802915554344,5.8741246217499885,79.34571885507913,High
8.855533970352447,4.969557030347124,334.1270659032575,7.106653120778536,81.51784459700038,High
47.02292921764572,9.930454746802491,249.46506211399316,7.593590566311011,83.5834057423549,Critical
47.696428850129365,8.803372566736824,257.36660005808653,4.5530179943658045,17.58793546025249,Critical
45.743219511022424,9.231658723696079,324.5430023028485,4.177951154032382,53.530080157048076,Critical
18.50793501277222,0.13237517314376657,417.85788422166434,8.971651513428574,69.24076169746549,Medium
0.7728308264433714,4.993847978157138,421.2876577090977,5.16364174457776,70.5541476101611,High
46.415928129386266,5.7761298196238835,103.01634462326975,4.269152624542295,58.53729615760031,High
21.409207415865716,0.23030732187668024,300.0676512459762,4.9493766454795995,23.342986814693933,High
48.33274095218348,3.1177585049404106,247.1748570204612,4.194789231742321,73.79364431533315,High
48.18099885446264,9.12347787746562,522.3161797616306,5.959054473085859,67.60890668119566,Critical
42.650472773368,1.6453164687479886,378.8513527310258,8.012008922256621,16.890861723922903,High
14.722444603479284,6.4237215774311,319.5024398495891,5.7062222487886025,47.1047859739501,High
19.254886430096263,2.58242246420685,69.23678530735043,6.2209170343918325,23.918191961744284,Low
42.556833575842845,0.14544929572671927,363.3827335940469,7.377933867837194,36.99816365703775,High
15.846100257813884,2.8944174911944978,70.32234340814006,6.5444703503494015,11.446487376454835,Low
8.474637334304624,11.710485058920646,202.32394533945123,8.30722843010662,42.02638947286066,High
27.840063122917506,9.618445342595875,85.70517888859912,8.330178375228783,53.99015369249683,High
46.80773870803905,11.514919731852402,415.2441882146213,4.049553477455769,59.56660742616695,Critical
34.80148983374865,5.854248527116349,123.75126830169157,7.890231532415996,63.079227610296805,Medium
28.50305850446825,1.316834384130042,235.1156239128156,6.3036680012083695,76.9033050481968,Medium
4.8588246885384265,6.5755138676843154,537.4048665712672,8.944202706518315,27.237032582058404,High
30.750361334958487,5.4525280147195305,122.58983003938218,6.4161603793771755,19.638545795077434,Medium
49.50269250521316,10.132284992875391,304.6830383752675,8.934479726941488,78.12297375183405,Critical
7.004200761826201,1.176990969410935,251.5629966996132,7.772846806028683,22.52902519141199,Medium
25.916482618186837,5.858893644261338,10.87442462743784,5.243024423066531,87.98080650689562,Medium
43.86865359639777,1.800583976327811,475.6548681436877,6.691974896434788,77.40305835189096,High
37.03843088771022,3.8961111226807197,41.427543788759834,8.960678197392914,50.07012847116793,Medium
34.8507870497634,8.848284928653596,284.55301258617214,8.287653038759618,88.51371399376202,High
35.12420419935546,5.712217552425198,336.40697696336997,4.486834468956106,17.79013832864034,Critical
17.97455756098776,4.5106594217492315,377.0558739687522,7.53185998404998,34.24526089400813,High
14.679592213224668,4.733715342840424,413.1789775847254,5.727897929354065,61.057953203248914,High
40.46805777392568,5.51336122087184,151.96343011362904,4.034911309401741,38.0005494778543,High
40.50566973395904,9.420198526044683,5.987265995069624,6.0174048451349975,84.26980415846334,High
43.35361592900519,10.705016267282813,434.0661974129472,5.173772108624856,15.250087054225405,Critical
45.66202762782356,11.46401623804714,321.39395960854716,8.094346352602358,53.952946564877166,Critical
25.56711994304689,9.442840635063542,501.67062192434923,5.6866530442288274,57.26930139160916,Critical
25.07581473435998,3.7848827489761527,492.83301774041655,8.137618469769086,62.21824990217793,High
39.91475894833876,8.257616473038507,505.9957006727299,4.002989694173976,30.453297866545157,Critical
32.49819653888826,5.251237488664703,291.0567959877241,5.5390957501305955,39.165314201589155,High
35.098343862885166,3.056047464552614,200.1770375021194,5.20582607153881,77.49444237319821,High
39.789633471805054,10.09045895311107,474.934921554822,5.167836805343055,25.595421517612785,Critical
44.50026709087832,0.46111618754789996,270.77646781755294,4.340933098827313,76.14942777386896,High
16.89975784257679,10.821143905625082,110.06531784206071,4.935621352052508,55.01243383221939,Medium
18.7791476319972,5.53772957549681,512.9844117368846,6.777747849428099,70.97500089552656,High
4.69909699204345,7.646417721699365,529.5359260634084,5.456805364188723,67.08858930107772,High
28.9140070498087,7.9122470664693925,279.78585368410205,6.08697391164574,26.600919630790322,High
1.7971136898371043,10.741412888478436,45.41983638587248,5.884334401735943,55.50501891470983,Medium
23.27990090662301,7.640036186006488,232.69565395015874,8.379524624999473,79.4178522244074,High
27.13223173537883,7.367203017120741,482.122595677562,8.526494995052577,44.56929894415435,High
14.32706260641422,0.7998244867282795,541.0644171277372,6.4647848582793,87.32726161786533,Medium
29.541663028450536,6.220896263342449,122.0836454985575,5.650779751578022,46.17720800813744,Medium
1.5250124969524714,1.8020280098044998,40.184167215162915,4.534003520011818,21.422850933430773,Low
1.8674094374607209,8.849205224657826,526.4102718797031,8.767014396910476,41.15477440621386,High
41.13002803298291,6.146663049752094,233.64296338732518,4.3011347245014875,86.13619251124297,High
18.009532070563143,8.16273335050024,325.05657856053796,5.488251387841402,35.57766794718834,High
6.353025632594239,0.5000748072286112,580.8394872304553,5.49033100585002,79.44785278936503,Medium
26.112163002740218,1.0175041925496386,39.93883674853371,5.602006430701074,80.50005453455118,Low
38.499677654930544,8.595880656752186,388.9908044712573,4.8214342163620465,38.01492194655688,Critical
10.791051374842159,0.8650120319840804,44.46325354492024,7.915807154618486,16.66061264405057,Low
31.144523790950014,0.8550807331831032,225.28135707990023,4.612489309829946,67.96463273270547,Medium
4.2673732496884,0.1453017028186494,482.28872711606806,7.174533295765814,34.92098392111888,Medium
2.584086058430385,11.478016779593762,260.0833396533806,4.619230133529087,72.63388914060579,High
26.5677315784074,8.850100313508083,598.3094123417702,4.3526781879647825,45.41238786083465,Critical
27.031756080505325,4.23901690202477,335.4355709679613,8.547147518429384,48.82133938740972,High
31.871495074910328,3.5584269754518627,192.6972915815721,4.950643831593529,72.23275253988294,Medium
36.30456668613308,4.196438756950195,132.06679554285188,8.106250772798521,40.58906648493023,High
48.79260397312673,9.295842374174182,210.3123205716971,6.723154355535679,45.450187625833166,Critical
25.815017415059767,7.936447332844972,223.51996425573049,4.389282598043848,40.09523750156977,High
16.1478236470623,2.2223468144096152,41.22820663437658,8.777240957190337,39.387241222182396,Low
39.759309738435185,2.089312024009012,221.7445196560639,5.234805834959463,52.07572615211675,High
13.541612563103712,1.1807477965607678,278.543111843535,8.298226726763033,74.70395556009206,Medium
21.948571035281805,7.923632636416057,433.6426513432828,4.844050028922821,38.941464953805266,High
3.9228190671132976,9.172471946660831,394.03769083296476,8.269714410709264,51.940377643018934,High
1.2675371707728755,3.1805571399000483,425.25939313749257,4.06614406452647,63.658186035408065,Medium
48.132420733896254,0.25133953237095374,5.018209126114259,6.558902282847404,31.555155704292403,Medium
41.79900602561029,0.9860600097171281,130.60043974832163,7.847212897107784,32.201824392191405,Medium
34.798710304684896,11.614320418140366,397.0105730399139,8.673977587463916,84.67305016187639,Critical
20.447647220713495,3.545337329729043,290.3936209078483,8.546010681032435,67.88276586648709,Medium
8.664716003542289,9.230677774057604,3.1880854010075677,8.098124347738224,56.17493409786471,Medium
7.8218521335543025,7.495962826251166,482.6967854590934,8.44095674830652,61.81760435364896,High
12.512144908229766,4.58327567583475,463.6857439742024,4.996098429185382,12.34395544827347,High
27.461333235306025,2.4682471463466613,329.0514977961376,5.420921478558643,59.44823724493575,High
35.72979613500312,1.4566370179128771,39.87799546576327,5.444842624605292,50.76070985793615,Medium
33.009868835886564,7.3801556164664,459.9090297195508,5.885269655008495,53.659974382354854,High
13.996694847297142,9.295605367653456,350.22815263881836,5.966603351925944,38.75390614646537,High
47.743264033159704,7.726851042493568,469.1759862947755,6.722776623273377,16.51791181703535,Critical
36.89484583478843,6.3636255989899,451.04819543750426,4.799398816832207,25.467138688964177,Critical
27.717702625570034,0.5034146811796352,481.8012431747023,7.456233318929947,86.05957705701374,High
30.58603731171761,11.621865331132605,310.80483984277487,4.837832696522533,42.69596498167472,Critical
20.980003121389494,9.584570299854896,84.19471091610899,5.551542410522737,47.33465246646914,High
12.386549475057873,3.513864440411577,402.6944840278132,6.51672565303077,14.21678318827512,Medium
17.798633932563078,11.759643952306208,372.28427103118236,7.982202807617386,13.005298363518447,High
37.892305523218454,7.222579075635865,445.3519123194523,7.697346166193636,67.37451576374062,Critical
0.7196744314877934,6.989071898486958,101.92860363044119,7.227671782052611,53.0475731296889,Medium
5.803632025345812,8.976878153154384,116.98511994017353,4.778866302900851,50.696478737301334,Medium
2.3001321010876374,9.74123745708165,534.2457103315971,6.735226728077889,29.449962433813496,High
2.0364401159485066,7.877743287978031,449.98667907124246,4.437232508999427,69.58005853039379,High
42.77302920055036,1.5371489563944003,544.9370932201938,5.886815883983254,23.45892632867935,High
35.18289296900118,4.059210071933981,455.22919269835245,6.067582651449795,25.1947794928816,Critical
23.70869145436626,11.137003683912596,358.29318359418113,4.199057197228769,46.85697370786204,Critical
4.891708032550074,2.695387342126223,392.4796422167242,5.369940497349859,32.90238896895527,Medium
24.58079375584162,4.466004286050159,533.476754364006,8.778247336332447,29.79703849865171,High
23.673588539028284,5.184922595330352,347.28405270716434,8.768163039148448,61.61901156426653,High
8.660093495500758,5.272859876333426,379.43479459703246,5.761635271262696,62.07773961748356,High
21.692582461898652,7.355274989934307,93.88602960216035,4.21550054474162,75.96136558399434,Medium
19.92523671986867,11.31691005293649,284.3527320696616,4.895474696640908,43.41668535783807,High
30.792504902610823,2.8883125419900595,429.83826717485937,5.961088967167701,15.84680728209202,High
31.75468254338219,1.4580165156110168,162.56561898981926,8.73889848984615,31.893310793716616,Medium
2.265200488602226,2.369645878319248,121.35250831472095,4.705995317685924,88.40043705574536,Low
18.73063073132356,10.643098802511235,188.29608493464934,7.817579218341061,57.70068601861617,High
31.29299578571182,7.749729751862472,144.90037679570008,4.54341269687346,66.77896678408162,Medium
25.156812929004385,3.4308814708699216,128.9475822218375,8.906287886956385,10.588626370033163,Medium
42.824492059416116,9.791363267623407,254.91050572085217,5.908082495545675,51.45645857460167,Critical
32.93468158094725,10.336439956361232,544.7031083301205,7.87617269449528,13.00229260254425,Critical
8.146721354071484,10.158172064283336,304.23578804323097,5.712955414055659,55.53841696731584,High
3.528437370021492,11.027118403674653,112.75222848919381,7.138344385794044,83.66166797088603,Medium
32.12096391031578,3.026892242080339,46.183001628524444,4.960080423700184,87.47353044003263,Low
1.3255655270810907,9.060503144955339,417.69368708275516,4.730105096484813,53.244214031113934,High
29.288779063673164,5.5264739672896805,229.6792586618327,8.690320697840656,46.656384420177275,High
47.01151207124788,10.103982634680738,493.09856795121556,8.588236389522168,85.60136753987952,Critical
28.77370889379395,8.741888125939358,395.7064611844621,8.437344701064411,63.88878655973561,Critical
19.408496310326097,9.317369357996697,477.74487032482114,7.127167250832967,15.191942363072757,High
32.16441092211766,7.873942052172858,163.16762365106925,8.041341056081391,47.25804621339981,High
22.912644524575832,2.1291452336364824,415.4153534766349,4.345184684556875,29.219601477144312,High
27.280839465796745,6.54032302676326,158.43719081623126,5.673945209453396,47.58434571589453,High
47.07324043882626,11.816036874294099,563.441087670175,5.568515623785781,46.43724576050894,Critical
19.305131890038712,11.248656797965428,381.8245689200246,7.178226609763066,56.571584225179365,High
48.05952819119571,0.51808482956414,194.70708010520525,5.7797888673532025,38.541639227940095,High
45.26753209780318,1.9777777887532455,161.7071173753636,4.742533908218404,23.141635956474246,High
9.789556739464821,1.580745281454743,114.55595104298611,6.982335377067718,50.2975547671965,Low
3.4680650437582727,8.711758919823545,416.7845753362367,8.071919603345407,76.41623074766096,High
5.038900068871333,9.813423958283341,131.22936779875639,5.910617472299866,63.12097824540818,Medium
0.9110912825774864,2.562136395728063,357.18195955649344,4.661343575492409,37.06942927401727,Medium
4.72214803779642,6.070232315421948,158.78101615521442,4.983440986564116,84.84184182070858,Medium
34.150338670817845,10.0884363361344,397.18136687632114,5.1874165258469205,82.97660569993457,Critical
3.559432423011449,8.793618537195007,488.9638371243235,5.4994879649726816,26.7478719507279,High
15.948781514688065,6.506846465902179,466.81514588679187,7.213975352531546,13.153406809629038,High
42.24376554847273,7.084172285505275,456.51079855846905,7.004727422688595,69.30469666806098,Critical
1.1635967867912933,6.10032656299536,112.63344341535124,7.480399307835196,76.20882090793226,Medium
40.72342412944679,3.570581415825847,53.03096819071123,5.812509922657566,87.42916527610842,Medium
14.092738738669997,6.780263914308193,419.36929709243134,8.119988259399891,81.18691152706486,High
5.908241381082813,8.266623624601088,221.0083282766108,5.020438305778802,58.04278145651318,High
34.836858268207536,10.479874990329693,259.4077358420084,6.3452037375907695,52.404187136990465,High
31.4471423389942,7.635496247750977,18.68945567603464,8.004693607707152,12.227284101006903,Medium
43.873600676352645,9.133458444517895,155.74586956502952,4.900793238663097,29.732515747582227,Critical
36.75355219019429,1.920859619454876,20.205842324678414,4.549315568703915,46.76918013863411,Medium
40.17404651924243,5.538689693037479,527.5114635607486,8.418419838439949,60.28031200668543,Critical
14.101728628565324,0.11197943792511955,146.0380099311183,5.71464831379598,54.58014666547285,Low
8.871977188986142,2.9601463742594762,334.40230174380486,7.41935062454516,69.41087917453524,Medium
37.53073758204292,8.717540581356058,23.387592396678247,4.126743021319692,32.38135447096327,High
40.3417369633632,11.90171941619236,400.10843478339484,7.450234442047249,55.19620861219786,Critical
49.52525710003366,1.1901371950465909,193.81640745245633,5.580506557734853,17.05137947126337,High
20.630883845571326,4.817931790335459,538.7515121745995,4.278704267937209,43.09324188665656,High
18.600904289639157,9.600851624389914,532.8709133604215,7.049063807740585,70.01286663636807,High
38.82064803709984,2.448427615546786,195.17437101704866,5.204019080365866,65.47206827432352,High
17.040177012650894,6.661019391627435,540.5765374142808,5.9340362102594,89.25141897377432,High
46.537866280178235,8.796855552356098,597.6946040992673,4.402904061432568,32.23129007902048,Critical
42.92063759215059,7.391825403122148,495.24939847436883,4.7358162554747265,49.85514393391833,Critical
21.44970136875092,2.2562968153849936,506.9228086531374,5.489886177479219,36.362433101919734,High
37.54355338957487,4.2646148242288735,149.40524166545396,4.448797502800786,45.24824912473398,High
37.727143704234116,9.405501413824766,346.0214393146538,8.554131323431577,78.55601038955105,Critical
5.15619344179663,6.6507181695841995,40.35354838042071,4.030235215919892,64.73672601507893,Low
45.127645333978336,0.06275536251495284,56.95076209300183,6.419301094321558,80.59529530780654,Medium
25.262618622392857,9.131889120337126,599.3355672199743,4.616237290662757,26.280888666550915,Critical
41.322873305387084,0.42373625928286884,195.98354965554657,5.5383954473897425,79.86888942731504,High
16.002480051530586,8.948805392774785,448.91034722930783,8.630297799091327,14.780981934270754,High
44.77616142481003,2.429766721982849,483.9990318160899,4.808472766369935,81.08794243497219,High
19.460083936708156,11.496881761432562,514.8139626043375,8.829161598591664,36.325902356858236,High
0.541882574014918,4.415289015625014,598.5769784412939,5.028971884947109,35.16701067312532,High
45.26909882096318,3.923179396056949,144.8978911541207,7.707830542334148,50.96708613589311,Medium
4.564333839306678,1.7866566039893361,24.210496115819822,6.733386324486559,85.25521501785855,Low
15.965681879520744,3.6672505858825786,246.71491079675158,8.422393637983795,13.82250917451243,Medium
47.50309835254025,10.519809141938406,78.04840189736817,6.769966277515655,38.17847800565963,High
47.53035734687781,11.956012051526969,13.455533497233073,6.6727960957815435,78.52575909466685,High
28.671894406164306,4.4197143660821805,216.25609628489167,4.977290001841999,41.68435819483734,High
31.591860608489963,5.383327571454511,470.24295064514183,4.831146810258294,25.93255180776536,High
22.42227609891599,8.664851258432844,339.70841473504254,8.58244575557757,43.98353450651294,Critical
14.660538584903227,10.634349365580894,187.66679352621242,5.63919099425017,40.84420011933354,High
16.4332272684958,7.11653201024141,392.60520329563184,5.86041127481448,83.23329611733628,High
33.62592280385192,4.698308378133952,139.21090818528643,7.799118292141942,70.95475005944778,Medium
37.618726471884,4.951462090183485,8.628867643251015,5.6941174121140365,50.40924445952051,Medium
39.578952186292426,8.347417757961683,458.6120318618564,8.760312233195013,89.06964533772569,Critical
39.48090713972769,0.03861916325134418,374.24585091840544,7.689638844994001,47.22220250207386,High
4.560305152434518,7.435072049518088,457.381574700576,6.9871462128671,14.659026465622018,High
24.721015235129073,4.265916125296289,23.36281001259937,8.404475802723763,30.981945745198793,Medium
2.877938000832214,9.53036797532501,502.2717766983913,4.248029541747414,44.88563841754501,High
27.476444116186777,1.115887677877586,371.715720021782,5.2853134609460435,22.55220993168961,High
22.07652506866885,7.0584272033806865,338.03721042758406,6.32518167110455,85.80521010592344,High
44.38520913791499,5.7716746786334845,374.76842886871896,5.134892697357605,71.34791182542185,Critical
17.545750627603933,7.707906310862729,518.6599481210185,7.71952593651076,31.46297603422181,High
5.853350821380293,0.7782431337956202,352.16190393534424,8.596040155268625,57.26436268143327,Medium
7.149584102641793,6.959805449137575,348.5702279329076,6.118850599654617,67.71593256876577,High
38.07553158587361,6.737815055514284,594.4074942394595,5.7106630005594745,85.30231431254384,Critical
30.910903165813053,6.727921132994052,454.0381002411408,8.807753660687831,80.53082793403286,High
5.0561338061395125,7.241851999157458,265.37628327068114,6.224262164137704,51.2153780910571,Medium
4.205340305749871,8.117615246716348,424.4382000197566,6.445242002246416,71.97220958344141,High
35.048456572956,9.659867996169236,233.5382830150731,5.758249361709527,54.9715803062068,Critical
3.6381503182096764,3.237848641538572,137.32527749009938,8.547742365060692,54.21631120364321,Low
41.09300296451781,9.900592922160744,358.11112613265567,6.844777416409254,19.17935666705535,Critical
35.31211135782481,5.9790681871614435,556.9092588683709,7.810872935908224,20.091012641292167,Critical
4.067439032094988,0.924699349611974,557.4837120092776,8.059033591754432,52.3626892017966,Medium
4.241885704259596,0.7026111509277504,205.1431668632942,5.709245209586291,31.50892359832053,Medium
49.33197892505877,4.01085982435273,316.606479733017,6.1684716566019,11.68295219683749,Critical
18.713539787806017,9.41876372533761,126.98153914191673,8.242358872031323,67.82713631201699,Medium
18.532107353344546,8.49217121689099,597.3786656993301,5.816276758379051,12.598927735213197,High
40.63997836287513,9.463379576068878,588.6707447207615,7.969675667259256,57.62214728832436,Critical
47.36242886919293,6.207228677299312,389.7053578244684,8.704961612872186,53.13550353018515,Critical
49.30005319114355,5.282387975465887,482.64843580648403,7.116051865340035,87.50517524622435,Critical
37.66890926294708,1.7694303204754074,429.06009677022,7.708136437259444,48.73705114781133,High
18.81297927654579,3.9383130433117386,355.89493142368093,8.025486560205675,15.088114910223789,Medium
4.175035834933438,5.208232394086503,32.00879819333862,8.225198244483213,54.13503742451694,Low
38.85734579637184,1.0632051561554068,272.85860553159665,5.97526668928398,77.28769364928812,High
27.920212486790252,2.647343432534535,404.87178130044634,4.256317295879991,89.74794274251519,High
21.211100462348814,7.178703528764865,406.5189683302108,6.009381356183697,44.4274538951258,High
45.3177192547368,8.827957370870278,223.87357105343014,7.368781148920449,35.6238993997394,Critical
5.559874115307567,11.980170136715396,565.0151919948183,6.251751928903964,82.53226375615992,High
24.631255214542957,11.197359976122693,100.4142193420686,7.744815754301992,25.299370326089708,High
0.5676822383709534,7.710782394422298,300.21566772933636,5.784912147343319,59.23431320263413,High
23.433032099706313,5.054976639528864,414.53038593049365,7.1737207055201475,42.45715393447582,High
2.8151637840918675,7.634128376498793,418.28148353508556,4.932099024269873,13.286589196444423,High
5.940895813403596,9.427819416962784,389.1833740612893,7.7468471832247845,37.78307794445582,High
5.876312338855244,1.4200342910806478,165.1729280711161,6.728479844065129,31.218281800213965,Medium
32.460515105803175,4.918858676355459,93.72394121197318,5.020321942733003,64.88729231547894,Medium
37.30224396327117,10.077627427627407,381.56419609602654,5.459555867489036,85.90323981535346,Critical
29.168438254857982,4.6059954231965285,359.58126968366264,7.743043542909161,31.44377499029102,High
48.10862742372709,6.862467254726239,107.61360617354458,6.4130061783076036,74.91727513213453,High
18.743528976185203,7.053232330346379,423.083487342338,5.080157201965362,14.428785355072762,High
14.285604314093037,2.2137150376036723,273.10319504019384,8.836355951851488,53.049680803185055,Medium
43.429956409473014,4.346825299827461,400.65635496189174,7.57562509908444,15.644005096791567,Critical
11.179791925972632,4.014135464903186,502.42024786209043,8.785674162698982,84.72263929045114,High
48.161126972030566,0.31436050238477753,101.8370571461539,6.135525226801716,71.30810244459121,Medium
0.6077237344908171,0.29030116669626294,11.486920798102007,6.375501703458602,62.635992896367384,Low
48.493941335381955,9.980364524109282,467.4615518374721,8.489776080925097,75.91171052997313,Critical
2.1579955975288057,3.276849719673749,365.81845509156955,6.625246701226923,61.80158364561305,Medium
44.557155684903556,6.216945194865785,419.78374177327305,7.536394559528336,87.51555177394329,Critical
26.385055454314994,3.5847068830652766,502.8929849931855,5.26086438747765,67.11663582918172,High
49.64823980596502,11.288150941384085,481.6865608947003,6.233632343513203,83.97268876657974,Critical
3.689828236769943,3.111561106389285,576.5520881572947,4.617249329051775,51.37055136085104,Medium
27.69271422006604,5.155881752867221,321.56104731127095,5.029900179384809,19.36515303854901,High
48.46512678095495,10.472763005815223,293.0973795959432,4.004717076338156,52.25421771384137,Critical
26.15489220850744,10.103202801501704,241.13231993443804,4.196325258243301,20.149826245047464,High
31.469931906763126,2.233217014155328,92.21462570652272,8.886419115884646,57.3994783341124,Medium
34.78743444923086,9.631719717548524,343.56433972921343,5.211768475683812,48.59944484221303,Critical
22.727053238388663,5.498242640854712,166.20751459558727,7.31655354752001,59.80603182662254,High
31.377904004203174,5.795626465024263,552.7845073277853,8.195498493998057,10.803758484386528,High
29.21571559615501,1.6017596689913254,349.9144825662585,6.753302296182821,25.587239332429128,High
45.057900524549446,0.9672181650854959,355.7041083048661,4.7657225004197805,49.30643455297047,High
2.2723190170728937,8.735271683685182,212.95479652620602,7.640582186680832,86.04028492713078,High
14.048159479611517,5.957533828263597,31.193611186624494,7.001257050497915,40.68872322841267,Low
47.520574203827934,5.242208431382155,19.04625922379317,7.656252946736876,43.949762084290775,Medium
44.51318919454582,8.754098743828761,254.0010864919185,7.8487331142854355,67.17568712052977,Critical
22.782837639285646,9.186154787893317,50.73922685834271,8.877051838423725,58.303420582889444,Medium
31.006629890076837,1.9068980120322427,364.10817332408345,6.86781640013355,33.91409200786666,High
13.869059149056634,7.322701793731696,528.5838033837945,5.708205563453009,42.86531164539422,High
9.406057986188065,1.6242489873322263,529.7488899112333,7.2423227845011855,27.415983908578596,Medium
23.18492024699911,9.016501032348549,395.42724607933945,4.34220354621313,87.28171673041669,Critical
17.66761140130264,7.883461875205674,126.7390988837586,8.48698659160793,20.450750524588777,Medium
29.182805592543602,11.479375453001495,517.7980988153232,4.596905056690984,39.746942765313555,Critical
3.8867318482492417,0.8274961962770542,531.6560611879249,5.639214189429091,12.067117777600895,Medium
48.71974038330833,0.6846566538150518,117.99215097177522,8.078726903130605,27.742359354683714,Medium
49.31053722398014,3.3862448963184018,442.45565146240637,6.986561891653559,72.4376910704124,High
34.90808570098726,3.1404682048308716,171.91172935627378,5.968177601387211,26.094018583110355,Medium
26.80481831720602,2.963745588863998,481.5841874117578,6.367178296875107,16.40507220231725,High
15.476380814316387,10.87505496625244,598.3427399421616,8.272736966010902,47.95625438756186,High
40.68975098534743,2.994554398194073,18.015603197635688,5.70002193029946,10.79753877876148,Medium
34.23655862769397,3.263396713543572,538.4195194745591,8.348248424060856,16.781292354106654,High
8.130846967244565,9.112779149015564,373.57832015919485,4.440672154883457,74.610069565038,High
45.546359224692125,5.3968781094064795,584.0295714988927,7.883992186043153,71.71786758876851,Critical
41.12686214615845,9.320526683462175,279.00571051585655,8.237738165273683,83.21110563239168,Critical
47.4899956645962,0.7843938907726229,508.43275834282423,4.9090882641866935,78.36123487285997,High
36.285975419418,5.850854324080611,37.43644115896634,6.151732661861002,64.65404505918545,Medium
30.670759796789493,0.4033632021993916,201.16743004697744,4.827498873318278,14.186628584053027,Medium
20.912151814530944,0.7518384414642543,40.209922650725986,7.533020644971089,72.6278894389326,Low
46.63642416770066,10.877249440132932,585.2058800874423,6.676738840308284,77.64086486724483,Critical
43.30319447502042,1.670944453411142,490.184344363102,7.176616733541605,73.92657166175636,High
2.2609335053094703,6.389048187302605,511.5284527475823,4.982434834781055,50.67832282464209,High
1.3183487248626002,4.933147231208478,562.7791388603365,5.058729310262097,28.632147091958533,High
18.82316834390248,4.168119915106113,51.062091671871215,4.207486627549532,77.62639805509814,Low
40.52766653909165,10.798000148247269,231.35855550800002,5.6103376759786485,68.17302477921108,Critical
49.363806465747224,0.261880761305874,42.62093342640127,6.798723306668375,88.46089395110812,Medium
7.520844555176409,7.965476234107069,126.47586093001718,8.289674569986644,22.455407820474633,Medium
29.706535767606756,11.560733210562605,137.61946622260342,7.3346372372934034,28.053166644164406,High
19.044542831551077,6.722018201542103,281.4643266285472,6.1769816169987575,26.943851990520216,Medium
48.49571989073016,11.241869544397101,161.13730047218556,8.765600571970689,73.40318140970695,Critical
42.105946156785436,0.6270945514322852,60.586864090656654,7.59622600287916,24.952583716009453,Medium
41.91643523555689,5.025519828889937,100.49465345646462,8.65082601431275,15.332786385864487,High
23.434657989748516,3.121893491544614,88.36533813125456,6.637939866360828,89.8848645268503,Medium
20.74097511688326,8.769851579768758,583.846078747379,5.294521373965698,11.985376915611932,Critical
13.670353596535312,11.77556508596696,455.57550415108415,4.26413343182361,76.81952481270925,High
2.8187748325463557,3.0783607493309737,580.6568791617372,7.630424257419253,39.22934732405223,Medium
43.23611881275266,7.850095217688894,263.84429190474515,4.60651499002767,77.32923678062522,High
40.64505045650388,2.3771715931168815,167.02108899759395,5.513875641359836,54.3696392968916,High
49.98588366430653,6.783963054859319,478.975918325512,6.662354539419487,82.13049835890881,Critical
49.831841853695266,5.567189840260035,195.75235082468808,6.822082938898738,84.09543891317013,High
27.771585280131372,11.664063955578445,179.63002422320898,7.00291598493568,10.72785450246208,High
38.44937075902553,7.302327272357599,139.50359532469872,4.831276651748503,16.032974079423063,High
47.238286494121404,4.194076465041825,77.80738693454121,5.898687024108243,30.02869836566844,Medium
42.482369533870575,1.3691494186552005,153.87783661005957,7.085971135584833,63.54523330908013,High
12.367405087159883,1.8149619448192147,213.19184908433263,8.849094323168924,81.06177572092048,Medium
22.527206765504676,2.703803159414821,404.39652488743826,7.638155688498443,46.79535610351702,High
6.457970757574749,3.011599936083576,37.53890533167095,8.613018785469789,58.55784930194123,Low
47.70255136293612,10.207392694093654,126.30416379920577,7.811060291570885,25.07998822364489,High
30.308731722544003,6.734673459390299,485.41418417500586,6.958584844462003,74.39734671053483,High
11.432140275173136,6.280690936492397,88.15315415026245,4.960116845681723,87.38624890827758,Medium
33.58503422029283,1.3772264624306096,205.58708791351293,7.333428259462565,31.487914633167797,Medium
30.90641202289479,10.32167632019322,518.795353114884,7.116897829799536,49.58607612804371,Critical
17.908135901642027,8.673771638501805,92.95518668606559,7.012345852286332,16.889288840509906,Medium
5.677879609981451,0.812020342800019,49.642101370913934,6.448929339941204,54.73093251703747,Low
33.57865977963998,8.494021166757225,290.7227970480065,6.643283019946378,50.222675347734445,High
26.015385045189664,6.522458608111753,181.45170676712183,5.672212635590521,21.554918732406207,High
38.61591958678196,0.9807041489613391,338.0450186903125,6.596563463211516,45.365297049446,High
26.00817505559967,5.499607698343878,482.2829342900851,4.987779528392391,36.72837216692506,High
42.609075015927004,5.816355445560564,82.2890928916459,8.025871986801885,51.746470024415146,High
27.595341938724278,1.989294481959309,348.41945073257097,4.9288847734935395,56.85234683430394,High
28.046898576769312,11.348377764003388,303.3052562339183,4.424831449447332,10.67964628857676,Critical
43.832680132917254,10.199704457767943,86.44727160791975,6.181230131785787,70.88047863596444,High
20.17414331061985,8.0282680479493,374.39909131738943,7.291537197530309,67.04114334893927,Critical
6.700761422532037,5.547546732007286,164.184250716463,6.188584124667707,39.30291089652178,Medium
1.4391338156669486,4.941186499014102,292.7005911264075,5.383770659756543,14.23487484550546,Medium
37.75686278368095,7.81168160581145,49.363394566237126,6.790855919452204,70.39460318280403,Medium
31.015477567673233,6.545182432882866,275.7504343281738,5.735011677060999,86.4140128382506,High
35.20398840496118,0.7472772705826274,183.8780808256922,8.664338450633165,29.212127681761135,High
10.648208075445536,6.15003178524398,493.4287267112126,8.61322569801786,35.88196909896303,High
6.818573779338488,9.676843406794074,34.18723619842097,6.5118590998604775,24.705031158545196,Medium
0.7272332833940964,5.510878531163497,251.16436495099796,5.639419970091293,56.15488986758717,Medium
17.529377940329848,0.623478930651221,275.0588544788628,7.685662069783195,22.387311571796396,Medium
29.495884342731653,9.435338392608397,435.00364577947124,4.183564717415333,38.495515476910356,Critical
19.612202254986617,2.4163653856316927,344.5725450541266,6.373845030218256,65.76104111474103,Medium
21.873746101186452,3.1034500186564653,400.32740231650865,5.6816169713516675,54.80927864074787,High
45.20793472468742,1.9764762411875507,466.2295713910537,8.602679425512774,40.91700514623482,High
17.41277335116502,3.9625807784579705,517.3217841949132,4.060015136363413,43.61996814460335,Medium
25.69947445799054,9.08101806826362,188.3252980334823,6.764074378591745,54.96887060985836,High
39.18265063705715,6.232630314047248,322.8136232183418,7.7033179053331295,10.469178230972904,Critical
19.827139116063506,2.4585752898085507,504.06484706351995,6.425089937620206,16.28078947628879,Medium
31.104335011393676,10.53396093782449,593.6706785790338,4.427015150813609,80.50064542104093,Critical
43.11818543733726,10.55498225941835,533.7115866262579,8.862306950139512,16.23031912730326,Critical
47.4760311828821,10.446941100552083,222.8803575746261,6.590052156880489,66.54428769684041,Critical
7.353674046451896,2.8655545365784714,117.09991033119024,7.070931221595057,83.60305312872421,Low
46.32938125807472,5.414872130171857,293.6355224439532,5.183048913537537,31.65468834413849,High
24.60581465397691,11.819875873690501,444.98487110162534,6.4174904255340195,39.63931496476114,Critical
12.912219414947918,9.264149715719885,295.5414424519785,6.145747459791609,55.51371246757731,High
22.956787811913067,0.3260090547067178,289.9085179882011,4.374479210009919,80.53671757108677,Medium
49.00162876427385,0.7824550951259046,502.93825264908037,4.530801767737336,85.35244698083362,High
24.63090469964348,5.567176521747993,216.84226744031182,8.187362598093873,69.16505984890145,High
16.437580514375412,10.910642470338722,515.8768048869874,5.199099761032951,16.929580868375524,High
31.67004271583629,6.464421575432571,244.08288057103414,4.974791357493153,63.53233244278806,High
12.007280938909654,5.973750096411482,196.93986340700366,6.524557256250697,42.82429774981296,Medium
3.7931664054331957,1.265684399479567,272.3939467198194,7.843735656812565,47.656079959284924,Medium
6.443986095532461,7.8813612566915285,457.46817520492107,4.30973259289494,13.931871227614163,High
6.402291947888622,9.865237927202706,75.60121671839657,6.884039598191279,25.284971147708653,Medium
7.595134675614718,4.565040090090748,117.85152952321043,4.596052214202867,73.24108860269182,Medium
6.941358632470507,9.30734221110393,570.8668953978552,4.182305254128092,46.31670664382878,High
32.04373724016073,11.57371984680974,105.29497642881442,4.263719760811087,34.13297933049191,High
9.094004219957242,2.445197509532269,340.63639075863273,8.170820541042207,40.72152591719665,Medium
17.28336416619316,6.2799555743368956,347.5886799971627,4.589862418140308,78.35196106605441,High
44.839420495300594,3.4456554970149065,293.7746772301469,4.225756822061459,69.91992139239656,High
23.69808201314362,9.514253028406072,386.84714914609117,6.189499435714561,31.785231774486622,Critical
33.37788692605136,6.93112039057389,137.89603547857106,8.219967359710123,19.400147216989865,Medium
8.615993560081492,7.6149890106036455,331.5973606660489,5.312041882446509,30.159857731525737,High
9.614450940433539,9.574969915390728,223.30395314813828,6.108563087629582,83.6605160843787,High
2.043430813323943,4.751645671949459,397.00035577751345,4.1996126628187564,56.52710702798043,High
8.446753153608228,10.981080820884518,84.73412602388967,6.24539257067438,52.67841669958263,Medium
13.92951695159793,6.396346406953679,342.52645010368576,6.888065403185669,57.71148797539692,High
8.85052421383734,1.895457874024176,111.16221322999422,6.854535268760724,39.282261259721224,Low
4.43512668785278,8.350789418025629,167.18583786902184,5.662133460871826,74.56856162556102,High
6.03179355503004,9.519136205259052,131.22588019414994,5.577665903315678,51.862899944019986,Medium
23.038938401636287,3.80114012481032,109.70266792129027,4.533118094682989,19.33983222150364,Medium
10.316685920289625,10.286151083985036,495.4265709364002,5.8339916032313415,20.325209986325035,High
18.213493052403773,10.873719057189197,171.4245405965342,4.497473344364823,52.948731720209466,High
25.170863542742843,3.322853848533707,556.2742691186696,7.832979723560258,84.92561744566713,High
34.51974143146826,11.802257672582664,581.9559152071146,8.83137148874093,34.6681697340959,Critical
1.9656069920549468,1.688538336585101,342.7562819622584,8.850372283333535,79.56329350873746,Medium
39.97051994545213,2.4241880208298796,85.80067359943584,8.32535549687697,71.12764692631035,Medium
31.39501947454539,2.2106980708563135,224.72894602774875,7.0039607466980955,29.824995432552548,Medium
4.087951597443595,10.727876520094444,478.6393580089284,7.5043284862194,12.907259865299396,High
43.67893120533886,7.851510627899542,220.43443721824227,5.42602901340207,18.14778121139062,High
46.04362002659066,1.8252513986672745,52.210330981673245,7.153852100863103,68.27951470779522,Medium
3.0538979927431873,5.283881020420187,334.07094655691276,6.278247747199387,25.973579043251735,High
13.843882407360187,7.383576300837625,507.0725108976209,6.410086698884663,39.7016736404315,High
40.31006398965307,1.0015690198725995,477.5558322861014,7.78888280187579,50.13593328051399,High
37.41298451918292,10.588996420888066,105.07388407821195,5.409591777986258,68.03745347601303,High
9.226050967818866,9.643242425298421,403.65876864748003,5.590198058472599,19.05849786073003,High
10.467466166835514,6.062481282919659,132.30255806138825,8.623208955643182,42.50931242219692,Medium
18.5236051395691,11.605519383110046,130.92452073130335,4.281121474254861,48.805832731415634,Medium
24.226149259551065,5.013131751301197,524.4430639831111,6.428171492066702,53.266165117723176,High
30.912738576514798,11.809323828437973,149.8013716441381,8.564004002039308,75.46885131161733,High
18.445681978488622,8.015039985643526,157.9484079108067,7.051815039090785,23.734255603457353,High
23.126735806657393,7.6160552790472975,0.3920344567797329,6.73203537106066,74.62651614612979,Medium
37.37354690668783,1.99145874354942,522.4014204753106,5.248720896146776,65.43027421573217,High
1.834160144529895,10.583133099655727,475.55688792548085,5.716377445322241,54.46966513591675,High
12.621847217201038,5.129876255047382,376.3973610544068,8.260242079023465,65.96222963220575,High
35.66747929422762,1.9468008693897523,450.15945836330536,6.7960906588422905,42.96141911613251,High
44.76034188435997,0.1512902397091085,91.22914045469508,6.5737109687838995,21.071806877449966,Medium
25.583872105783307,6.717068203660591,274.9941567525453,4.497898567700145,63.26121922122938,High
26.605674263265783,6.3287954654721155,210.73163240926854,4.080140782275616,51.973784534849784,High
5.358600566988803,8.632243468429902,56.26591575420989,8.818425943435246,61.14998404342204,Medium
22.370618341172733,10.683096636213627,291.67829112895447,5.884930836434208,37.0399024822792,High
26.630863322751157,0.9528790157163542,552.4437902055812,7.016065310497522,82.54932618718686,High
12.123525181736483,8.777957884084348,24.03547143041669,4.398575365936425,56.98958948604616,Medium
13.462161547469048,2.2489433291709866,174.87654809627634,7.415571428615233,16.832198743269906,Medium
18.864208155231132,10.298124637885968,124.52456172342208,8.662833543529803,45.9843192563543,Medium
1.0035598888863184,9.828762166339873,142.8879921994178,6.878326264987098,70.50848437949074,Medium
16.103958279158913,6.489525059826533,545.0607311276252,4.630576611877053,73.5307649385818,High
10.572400349827232,8.522913583479738,280.8414325405741,6.908607637367384,49.5677642211007,High
16.374867608895734,3.7722013582049807,279.77964776389126,7.831736065523262,81.57980566650409,Medium
5.988106590962561,5.654014787193775,456.34538547316936,6.032082682870094,31.413474975543807,High
44.52636403699475,9.85964277252566,92.69532240295548,8.39918873970734,42.847895779061325,High
29.679622677702433,5.511182366078566,292.35921246003045,7.243414766786822,81.88775284551761,High
33.95511595722448,4.293579183905301,257.9911284726358,8.496244591446013,81.70053731772632,High
39.45856193036691,5.930549367003598,358.1464143279937,7.117526556236686,64.85702150597447,Critical
24.922109946452863,9.93899102924662,599.7346219502631,4.656439860024121,78.71844376977761,Critical
4.346014404371185,4.022496568450473,461.66933644922824,5.548458555525945,17.101861356498613,High
26.85532709092739,2.0851391176289256,238.7194218104563,5.008974741262285,79.19959809662211,Medium
29.342055901043956,8.54416824396937,496.5318313644282,8.544132488584312,35.64959252401814,Critical
37.271973709216496,9.911738552496981,102.4250179874881,7.8020003364374135,24.266520994257306,High
21.58297731148397,1.2076497422824,18.278211785376076,7.38199184455003,29.149586907363705,Low
6.379015139778188,2.8784893530713367,122.66902347856383,5.504831598158108,43.437480641110966,Low
14.188795289936223,1.7036638771319268,204.24693366855578,4.920223860251068,30.095360368357376,Medium
18.154114819931756,4.1752969389859995,306.34845447573593,7.782255439944559,35.64540688131992,High
32.295862066580064,5.404211746864952,369.0774843247199,6.370789729395399,20.798278885731367,High
28.538915233445593,8.985916043559678,546.3634303286531,5.128947760753146,33.69414124471988,Critical
17.80483629489231,7.8137710185800895,305.9124057302746,7.083109890826376,55.78270516336009,High
49.32576243964898,7.4511428097411745,300.7653867754376,4.20166926069226,45.34829664728512,Critical
30.288740967844358,4.228499359315853,30.14580589378928,5.6308512706412674,37.737500898872895,Medium
11.861339586799724,10.09737063701712,20.946931593734284,6.342784972955673,69.71617030856912,Medium
5.089123631020187,5.655446008777975,330.69597714982325,4.739791670547029,81.48079771146543,High
7.642956959216601,11.749259256181855,262.9071679490067,8.923272387954198,70.54313783219176,High
12.297886419225406,7.609705659548842,503.5082369881792,5.045486822948071,36.56005616941434,High
8.034068662977784,1.5151768987740328,96.40775082710711,4.651765650216328,69.5553734270043,Low
9.328351202565289,8.114130744905207,14.98299727022976,5.0176743694344825,22.158414597924097,Medium
14.254758434692356,3.9012481851803877,269.4232607580755,7.845305665798621,20.42543904730327,Medium
8.66867976473774,8.235926360233169,142.4871340513545,6.127528296359214,37.650162962892715,Medium
44.83827123132126,0.8356937779488689,29.76862400330247,6.82707969876269,74.61618952352455,Medium
4.011687283082111,2.0985772461115126,434.7589721085774,4.105045784931804,29.70785977938415,Medium
26.225569478512732,10.268847106869437,66.95579997434848,4.172156542866572,15.060272711894367,Medium
20.519841349483077,2.7261546842821787,364.991700004663,6.229127749135081,20.536762816508407,High
49.11893084543032,10.04449350291528,168.6298501001335,8.083276216008118,78.69959748236641,Critical
5.601945108402617,3.351313061452925,104.09763021301322,8.426194393537827,60.70266277978301,Low
19.892779952287082,7.714582920704492,227.85091375159047,4.433532837978201,30.256093069598133,Medium
48.473521663768445,8.329806882117971,480.8674657337722,6.691815510505114,54.42366602625451,Critical
43.275356294699016,6.151857037740635,235.2561461427436,8.566148431396353,52.206369794028035,High
40.853603547464,3.6637281203607754,450.4617895266334,5.939863771989431,62.4348782752529,High
12.895141352246991,2.5517325164531535,75.29177807949041,8.147829157141842,28.655004353729304,Low
8.544379369503291,0.39827225474911465,463.6628517990475,4.668478271997181,79.15223897555181,Medium
33.43216099622155,3.6473568148886857,142.15999494398918,8.676972448338994,34.74948496640103,Medium
46.46879945637929,7.837953486375396,406.4358779333237,7.757116587656514,65.53053231809895,Critical
27.83814465069649,11.259657821381792,339.4689329045978,8.706671963934507,11.289971709777191,Critical
28.580634473494992,10.454453787156623,557.4868303270124,7.383086167762532,39.81257039153178,Critical
13.998954683014208,9.19277731842363,232.39351078518843,5.817019659997134,38.13678543670466,High
38.47464665959684,9.461368119039584,39.699113300664266,8.690905862623612,53.47875428664116,High
9.352187427876169,7.979818841711943,11.493291330751742,5.377833881545892,15.81890094217572,Low
16.183961820212183,3.123442290792036,496.11513658365186,5.660862610308662,73.21050989808867,Medium
21.27182193082084,10.88634036846996,314.8413825968593,7.504042090008701,27.422464141405484,Critical
25.38051893422275,8.048787742870008,465.14643110096955,7.826581497626931,64.16302519056082,Critical
12.120486620754011,6.725287571765279,140.6553600069088,8.647017419245769,74.25696985952746,Medium
5.741841236960177,1.3318736305617729,207.05024730794023,5.024012045281047,54.950156499321054,Medium
30.53100212208163,5.364666525677105,18.062323326791365,7.98999017609612,69.27065653775884,Medium
14.431527662012789,5.5242992544231155,576.8953947444672,7.692730266984817,62.948824977200445,High
29.061911071130613,10.37476331427204,400.72074402048804,4.3189727812679894,38.44238377216061,Critical
7.718135763710116,6.559778642253462,559.9230526555838,5.936115706051035,74.70868312268523,High
24.057005092740873,4.564806587644916,159.2978444574434,5.413827285300493,33.576109590842236,High
26.629471627579292,11.721603942127912,366.8781667353965,5.5224521217701525,55.69703342012137,Critical
2.5911768411213454,1.328647119915788,407.0999809755827,8.914734397773504,69.63181913132317,Medium
16.830213909696027,5.070581139743336,190.52982015455308,7.213887067399639,40.316472785000606,Medium
6.720733846948712,0.5042961020568635,508.86554100937803,7.588380788967498,34.221408609394004,Medium
3.168748523638387,8.878849449203164,568.2968777401487,8.883088186575046,46.747680813825816,High
49.49801161949726,11.016918626389808,530.9130706176026,5.886008912288194,75.43707954793229,Critical
16.117692248736148,3.360447954605873,443.4401855636235,8.009200842264029,84.39374105165318,Medium
40.493722292731746,10.30010012158945,166.47880783497243,6.172654816522477,53.606673028791214,Critical
12.732032738188192,3.506618765542773,168.96962526337904,8.347668359074898,62.91729642589215,Medium
34.075136111196464,10.929241939726982,578.0161922676227,4.903287706556516,82.26188977911313,Critical
38.011392994484325,9.047542843161407,6.170697561415217,8.738430885321398,17.88374811303539,High
29.781937030392214,9.658881322097264,429.6299839452867,5.093858542054399,28.566286229293205,Critical
23.57880942750792,0.216078667205454,423.7476975331573,5.631102534904658,66.71200050012659,High
20.592045707363425,11.553724284888311,373.61372456987846,7.780961170533903,75.89955695298397,Critical
17.443413327149766,8.72005190484388,594.0653076521195,5.968775707827033,78.56232226644623,High
46.476457212391296,3.6570131446336,187.12766145823514,7.041056883832233,43.208574148394604,High
41.530970389386454,9.952735978306164,203.9831182759489,6.222867505347143,17.147192183349347,Critical
48.251345533325626,3.3782543809791594,47.36364176793333,7.711849685448909,45.022518183969595,Medium
6.214861174277236,10.473046074793535,265.67888192624247,5.141656261843054,28.458767216564304,High
36.54337376018221,1.3509646849432442,156.62911574090884,4.292289936184385,33.29571639972993,High
46.91702284105189,8.444231729529548,206.03202130658653,5.499646987365331,71.78140454700046,Critical
9.061653308283008,6.488381719738924,500.7430741533766,6.371543324342151,16.04216688207095,High
3.3248133683388748,1.1584136423452898,561.2907081164974,4.840100260963393,76.20649739845616,Medium
37.056032464502955,2.902725939106068,111.43984320311138,5.773986448281944,44.213526865933524,Medium
28.723655658995597,0.14884843532777747,223.50535893207953,5.999915091467843,57.6851144880476,Medium
42.0914388379136,5.62521558557407,557.1783372692364,4.286959218441368,17.172178498854322,Critical
6.988618831314475,3.6151831291200045,37.08507641353358,6.9165362409210225,36.98872626858237,Low
39.76336559299451,7.180289811573106,55.41631686682711,8.421717139856437,17.17607352118766,Medium
10.081366002387227,3.5668536925034062,97.67459352373761,4.7587145647652624,86.92349783048877,Low
8.182797143285224,3.5990293380838163,357.12770047612486,6.98904006700757,74.58093194610004,Medium
8.213289896549647,8.91831838477924,90.28336260359848,7.3236960245542315,46.770620348516815,Medium
40.728736011569104,0.5777140317402414,580.8458288704401,6.0966734020964415,27.888203865893686,High
33.25986103481001,10.834739942303846,268.0287163551122,7.50548793682135,84.67640841998818,High
26.153271238455964,10.227166492694177,300.9107762100998,6.05365771745506,37.56772765815774,Critical
17.941524206175124,8.013656198716879,147.9951694832439,6.523186439887175,22.87875453498998,Medium
43.86002704065541,7.118658841288612,282.5761514608401,4.036765222772135,55.05315107631639,High
19.622255371131768,10.707629977675827,397.1481795822069,7.458600570673444,85.50192962758528,High
40.82997197357886,2.2239621543445733,450.70628217242563,7.306713394723622,10.306423240025806,High
21.95674542851092,0.9476299462899433,452.3208496259478,4.192004386631723,29.049987460319898,High
18.84722147124538,2.8741220389144573,346.734667616453,5.841250536975665,85.0758112328326,Medium
23.13398928348032,9.534939344402282,542.6158649963144,8.895159203958336,23.686877348572963,Critical
15.068893708207105,0.4160432007177999,490.4447083836656,6.1036828128430844,19.05947613118559,Medium
37.380469008812554,6.9936820210018755,454.22886881917526,6.509727025659209,55.61497726398436,Critical
25.136019504623956,11.945250194295719,33.36331300827637,8.549650790798593,78.94750586358639,Medium
11.610634757340865,10.268353126050473,4.126777331789588,7.586309379328782,48.168785415514094,Medium
44.978728663728425,6.2573482685230735,127.46836631728378,6.910350655621118,89.56514053476198,High
19.19456106866057,0.7636909114397081,398.1141563480714,7.989023406705362,64.33373596303943,Medium
27.17764305569943,9.976482172628518,246.7184933295275,8.321831332279867,15.925992576835819,High
45.32360554822735,7.1877420981265265,241.44375557958705,6.284440358686334,89.42657053455802,High
31.211899795699605,1.379195964714802,530.7521329377682,6.375541824659177,42.63153894241523,High
5.844902035418204,1.1262874178802744,537.3377088791033,5.930254678259179,32.992202707638604,Medium
46.991606180673756,10.915521833239108,545.5051584321515,8.833530700092304,54.630334686230846,Critical
31.385402653570893,8.030403155256941,188.32684590901638,7.485831271451752,34.34460734566915,High
16.745280732854305,9.951441591801066,414.63348764355703,4.416115331040362,16.916600569612186,High
6.963603633169363,10.547746803387207,162.9799087646218,8.314798116565093,10.114267446334138,High
39.7012594635148,6.861268224579867,114.36589984466987,6.402799704181341,45.966668233620986,High
31.003637796425675,6.209356221060496,110.77947440842154,4.343769532112438,76.94907377812739,Medium
26.673054598816076,5.165128923851882,205.26457251815643,6.748586275816555,55.78521485040612,High
44.69462915254788,3.8033590534934314,257.974571867893,6.0858213948785105,89.93658391547527,High
39.42986056122654,5.215151530304541,498.56950263304105,8.388747024313124,32.947731651775996,Critical
7.583743986637559,9.286555868761877,71.93465608362726,5.019973018046937,32.43640518080443,Medium
15.586103389777412,7.223081172181579,440.9555084369365,8.132323047460915,22.779956818715537,High
12.424456990723288,10.710279479458153,318.8729485135832,6.788443455927263,23.125087061226814,High
37.19731462863385,5.320560172550253,172.76720560559548,4.273051516067345,32.81492768080383,High
1.676621736788969,7.285074944625048,295.69175071969477,8.859226506627422,73.42720362188217,Medium
28.494484243565825,7.575690637103865,179.96524186621357,6.563076220516,82.46054325091583,High
38.122934287034525,7.100365947675906,357.6491731429836,5.454384271157912,88.0069735766145,Critical
43.838281838087475,8.431605277026197,260.3063537131465,6.34703420994629,28.583172327716213,Critical
17.104087435795375,2.8492016204976753,98.64331744732723,8.289288917587445,80.50380364912733,Low
41.06286523360064,6.148365330549488,69.94984473341803,5.5245156219253175,36.26040714218696,Medium
5.531586847760361,1.250697633700172,328.0174092432781,4.963381982433502,19.02724356135075,Medium
42.32261458672591,4.614135931737751,541.447819971662,4.6453562346544075,79.60199404161325,Critical
6.374433116599121,5.852004823455173,206.37461193461132,5.489296991951056,60.88845077148949,Medium
19.864364528018363,7.826691114545669,439.8000643335739,7.900240435200217,23.17847168648494,High
39.86476828897768,11.406372631034442,395.19681296386017,6.358131825976308,44.386500601040204,Critical
7.4958713674386885,7.207812798580271,558.9329485856886,5.1374080184677,32.980615590165414,High
11.462569761632075,8.923126994118718,492.5886103794845,4.830924998048746,68.94356549681575,High
36.11262841965331,6.0751927139424335,339.9631553432778,5.663647382551895,46.27329844994144,Critical
36.00182682730372,7.609248376515976,394.21829894046436,8.699621864428543,89.1423956085108,Critical
32.057381644264865,0.8511865936052811,539.031879950421,5.715133562950122,14.37959858076761,High
34.697422223355,3.052698970102164,239.71127075216089,8.940620379773176,38.401221290899734,Medium
27.13622216737981,4.342237118461664,196.07682351466642,6.42615227882678,48.55201336879819,High
12.589952945347637,5.669920260078163,6.4866501811178034,4.8958195914507545,50.25068437986558,Low
17.284799675195973,0.5477849460286048,495.93064451487857,8.455700458967547,35.27486579085094,Medium
9.079885840071283,1.6802891706398122,480.5884202420189,6.301776865674134,68.33921992780544,Medium
45.422528066681416,3.3217716934956694,62.67271086009083,7.548356717522623,79.97976587911798,Medium
29.169589738306023,11.658392290812607,346.1144286796201,8.91855791604576,85.09754415822904,Critical
20.042570838181994,3.976164085236609,278.38901890013244,4.25087675159987,74.4074701439621,Medium
23.100290182206635,5.784492697344991,71.22545730546688,4.483472798937836,78.04641578452795,Medium
47.36416698059077,2.3531725528607152,588.3409362364341,7.602283707313781,54.04362404959964,High
7.66757015580401,7.329360852909219,128.81753247801328,5.409125016477359,76.07105811414516,Medium
29.31149160083986,3.3681985861916917,40.34050805433669,4.921506984750495,34.280312731836176,Low
25.2944339442233,2.4839109412611213,356.90842770114574,4.1968093990986475,41.87830096873715,High
30.57271177173239,6.198871541351749,443.3200062798196,4.109233559931009,35.35304110548354,High
0.9055091910420254,0.06606958992504985,19.466067628312178,7.872428015598954,47.390986835834035,Low
43.606195447207575,0.09196839179070393,395.2305832362133,4.67216713684775,32.84636929909091,High
46.60591412418062,2.6288257092222933,319.3751255708727,6.338603079855755,86.92891538035575,High
28.256659179460446,0.4406563500098537,61.95900532502905,7.029484075897415,35.02757024045345,Low
34.83254119384461,1.2963090495682965,103.51432616781725,6.141759002844231,17.843563048875186,Medium
46.124969058864785,4.066327792065019,340.7845783896483,4.135533261681165,52.14537328403307,Critical
35.36193171566993,9.631028154957754,177.81456810797303,7.917507512939544,14.56792627561411,Critical
7.626952145713068,6.86458372043161,562.9894371907897,4.052566122708267,18.84345330468644,High
28.81441800834066,6.152012711476997,491.2441376904305,7.809449471887421,27.551151135699705,High
30.335752319142795,3.5218658784974597,590.1403239081978,8.466522468940614,47.148019990571335,High
21.2065335651193,11.181044633193796,155.8025033702484,6.164199605285861,44.66007458472223,High
36.82221178123614,4.7641804948463005,581.8341796787862,6.677712365488992,73.9753489602233,Critical
46.718350738450745,1.045113201549258,258.7403218749347,6.384916963088269,69.15797231072906,High
46.278425645338814,7.404798193413615,208.51127718825276,5.9460430931171935,44.105463519256105,High
22.541968570206606,1.3660607217192169,30.209716181611945,8.437122676851802,36.696336606050394,Low
5.661902292037762,4.142677713620305,31.659154715761574,8.469667553349954,35.31750272491989,Low
49.242059948116726,6.0889432646137065,415.2067535679928,5.679081823207673,71.91960698352072,Critical
41.94490432229671,10.49067029622211,274.75739666041676,7.075348770073489,14.16579249770158,Critical
6.2331340601633425,5.922558964081424,135.91297562166343,8.63453781072932,11.025731960848466,Medium
46.04209413086862,8.42710519237997,368.3821837951396,8.810292494706758,73.64355135413184,Critical
43.49481810310641,11.913802067988843,151.7148709500667,6.544795202110238,48.17171007912394,Critical
25.941902856303606,1.5778694387757795,346.57905260665353,6.264124026421634,20.470491084286078,High
29.563771787246463,3.296778306234234,215.52524818961422,5.393471579642629,28.8452747675601,Medium
19.95013519350651,4.734912907171757,494.13133596709145,8.794359365952051,84.6003162477906,High
2.7380819411015667,5.061938142465976,492.4176964600676,4.714071522364337,78.76023804999184,High
16.759862082295047,4.93225290318655,286.4102388734408,6.899147880238625,66.78280401791781,Medium
40.14267242990057,10.891332030678658,210.49146560100937,5.412751337593194,48.57801842698613,Critical
0.23160115023014294,8.568391733602278,217.5358779354567,5.395041451738983,51.62589009531086,High
16.67495858455721,7.294862569088445,483.42871540093074,6.024842936880942,88.0195628227167,High
19.908434679547167,3.712472614353385,196.9076896785672,8.993964679078273,87.26163551074296,Medium
26.869780146896144,9.885484610655537,125.43562422410761,4.2748315341991105,27.221523662866744,High
45.992780820638025,11.460726137819867,50.8130051251841,6.892709091017657,74.88836530442545,High
17.317299718298063,9.854379390602718,280.015872530645,4.412860790176386,25.779413293361344,High
17.347660094811385,0.01878126229767485,289.2792593519051,4.772604149952595,27.08299823071611,Medium
36.87506240548742,7.636816442200884,504.5452262417443,6.1978147088644935,64.08744273316614,Critical
22.610897044490358,0.6136245773052087,132.74321786763838,6.552300656732207,42.40008788700387,Medium
11.230241146999099,3.0912866440046622,228.59476420103994,5.2939620418226205,84.52355256852161,Medium
22.62197580663467,0.7142964041732602,485.0434433362146,5.582285654372081,17.120778791680706,High
7.042851018989992,7.245545435392653,494.1741664493841,4.434835101279665,50.922051264759446,High
8.819349325311165,8.239078961911282,230.7666455872609,5.516098919221252,83.4817224354497,High
24.918388636973987,1.3738516567908614,275.47441397200856,8.83279219690272,82.32909283836041,Medium
20.946272475227396,4.606066596539754,181.97153450956975,8.723536908362409,22.522337073259298,High
45.742295053405,5.474838107466504,559.5329270515872,5.674391450684925,39.331016007716514,Critical
18.119694955831655,4.428636261130999,71.18625944494819,6.8542696813938075,59.529712003735696,Low
29.02941751390217,1.4523000058223166,560.249653800882,8.547976955554722,22.751590781712174,High
31.61321439597652,5.027373482249705,410.31987110120593,4.030919113204483,87.4417737636591,High
0.6547228294166818,9.014136573701018,318.9432916120387,8.053417851687959,83.17994629821283,High
33.17686860083553,0.8520919743990656,19.595436470697525,8.741847763944595,23.356014322757535,Low
8.901798343487572,0.9621601689828414,285.357715093205,4.456628671667786,19.692436900878832,Medium
48.053515873472755,4.257255502031811,244.64886300163937,4.807238430164605,16.832678624661224,High
7.433136387655647,11.3007085394271,96.73128718507354,8.803731513856777,82.75549312293049,Medium
20.731206186351187,8.022871760674969,393.84576210039415,6.687700718201731,25.489904783636863,Critical
4.267483403932193,8.144039480070777,582.6905444209715,4.070983172358618,43.30279428354838,High
49.843712592297365,4.34303989005438,337.31328663871506,5.288159993817645,45.908109252160244,Critical
25.10975051656213,7.123929494502461,428.8519658663675,6.249718371344298,57.9208835370854,High
29.76925086600219,0.12157420833292054,41.07027153961007,7.4645445551238385,15.738827499793997,Low
3.3538238694213742,7.6331525569145064,250.60019749019685,7.665801890683998,28.140689392041274,Medium
37.49802351995889,10.95944337091484,69.81509109869752,8.97710756462728,84.51923095351408,High
10.495279654779289,7.35088162013783,367.6775013219062,5.437555996918795,82.67280858148555,High
44.90271447203569,10.48438312159614,563.0892949284928,6.691100509342377,72.50325179245537,Critical
10.256982024100358,8.687676665593125,397.06663948298313,6.666617739298025,11.552099649457235,High
9.534386033183328,1.446700996844283,46.081828988652916,6.028226297236188,36.16054147968817,Low
1.827483392404744,10.829439687430101,212.7997229910497,4.845809469212101,60.236698827432626,High
23.603347255499962,0.7973261322692986,330.3980276645109,8.887282815919214,32.01521694187805,High
28.24205666313082,6.407609670573166,241.92465367995132,8.26658593333293,82.76693560430219,High
3.2854319714176183,1.705645485521492,500.18640628510343,6.491665141471186,60.71115694659535,Medium
38.776380834750526,0.1404793287708488,488.8026028259935,7.016227113420149,15.752537385315648,High
22.66444173740138,5.064411121531668,367.09861206193284,5.136305267798312,82.72044710685624,High
26.219513466379002,3.540488491849875,224.07476707962314,6.718935351958734,86.6213326540978,Medium
22.03813734691141,5.832005925571236,153.2018242579465,7.474850665607379,16.21699347133804,High
20.0381530437663,6.926398640814609,63.52459092787759,6.575835141932944,52.58881878890519,Medium
27.982016565410895,0.5248688677073683,212.93861009193242,8.951425852924707,34.269142577133636,Medium
7.762012296535625,1.4760395414849476,247.90351032463172,7.056708281238631,41.42712611851219,Medium
9.096406524763555,6.703708757405105,405.49375506244417,5.854868562960846,24.372097436427353,High
43.089281050675865,4.118008238071899,394.8958945785441,7.860760138079191,56.245768160993,Critical
47.305773106681634,8.750081850593375,42.06488378475417,4.85231255790821,86.63834825991125,High
18.665465813987648,7.827499783103276,237.15558925869468,5.922579068531332,50.24580802172872,Medium
13.537233657177689,10.147252355878882,109.06732033041715,5.734794751887929,16.633166511558493,Medium
32.19997716195079,8.309913920030704,94.08762319008342,6.159035475538886,59.600106678192674,High
20.43670855490482,5.159172928681778,496.38128984234754,7.908899129643632,37.217839556100564,High
1.269317783017243,8.075599468733188,25.149130029754517,6.420865160817037,78.47401516730383,Medium
7.807629868309518,3.3045740910650223,251.5097255412728,7.970072251329814,44.774251865317616,Medium
35.798611442369875,3.675761985338552,100.92219345991091,6.88244451569933,25.42716871537965,Medium
32.94619709550757,9.46782191904952,527.5981294070845,5.710347173287777,25.288449815291596,Critical
1.3547996251741745,5.3570341968189865,334.22430796502107,8.049893718417362,71.50113445769283,High
11.098608096647473,9.58056408622023,138.82838182610882,5.191448352765458,31.24700786458879,Medium
11.55373982940357,9.86906848401934,301.45637229982583,5.121914898998977,71.37867153273784,High
33.59463717993642,10.290748051935406,438.8918158218695,6.522514620274179,26.47098486132795,Critical
0.9855268877182077,10.999622830094488,574.8708053516602,5.3042462298104445,35.73490949610475,High
5.2054290992286925,5.171822646159555,132.26760254725136,4.045435174756082,47.23895779517595,Medium
39.99580426865947,3.826401819853666,531.7090632776071,7.241487636494007,85.45566797547606,High
8.92723310271668,6.986384959129366,560.5824685004942,6.55546910736199,84.53851398030596,High
32.63730539259374,4.4540690812515304,549.8523267192397,6.227589072465806,26.549750033783024,High
11.909139052336325,7.212890001602796,381.2486141171459,8.834842573091578,38.65752329944583,High
4.972069637967258,8.467030351725896,377.8923926608246,6.855995919814569,21.951951076301786,High
12.158609549972704,8.260860221905642,241.92637991029366,8.317157888946923,50.79880634507977,High
36.11334659278296,4.494634644241456,451.43872938227275,4.697251181025801,46.84660405557332,Critical
42.784823405314285,2.002322420385034,318.7764110105592,6.846032315647138,82.06081299605859,High
41.51099322834958,5.16635206154649,406.46284273697665,8.339898133654515,84.40043022328581,Critical
19.85917648092274,1.7111297289829048,257.07474230927727,6.91552878639949,40.68539128058337,Medium
33.40425682853231,10.6811644222057,438.89787842588345,7.590070890635007,49.33903544151916,Critical
10.249214770791049,4.150529528854289,494.68291056272943,5.860217839061037,81.69889993169065,High
14.657386513050664,1.8535169666798854,87.86175396168967,4.462247585185333,74.53662461960492,Low
44.81679092605599,0.30537311886901053,499.7578293445368,6.289501475635357,10.292504907571942,High
0.6500961755368018,7.749868635437811,324.17791907418433,5.972396954194288,35.6047651346866,High
4.2754265427234035,7.642827809456919,506.7995454541346,8.335300911894738,43.74193935489007,High
10.394312757301366,4.0872499989755,258.78102380460876,5.219976511762361,28.37730269465854,Medium
1.3266101936909858,0.8605426661718121,227.42429122982102,8.833671137675541,25.9657292716751,Medium
9.071771754489866,4.915546738742784,549.0364395103335,8.790690599022481,13.022760527654373,High
29.152078048484608,3.734609940760723,150.7015605290408,5.238158215357194,61.46957800558084,Medium
21.0712275296249,8.125447676820112,506.52739517168584,5.740259777386602,31.000823238653254,Critical
44.63358555384874,7.269350993432284,290.41234350564247,8.477778704369424,14.187774274505047,High
40.87217808692205,4.37512473837048,308.4572655307558,8.833111104480537,28.478344842245093,Critical
17.0908675848938,2.614710651059881,185.08096889369043,6.21719551418022,74.15311622689012,Medium
12.971171671564624,11.856431593867102,343.8253203714094,5.604985228204489,78.11913453172373,High
18.984620408363345,5.448019454353378,195.1267177657268,6.63047006625771,48.64529961546421,Medium
29.51474712574039,8.259290829362845,23.561648544991385,7.438846031828674,43.285653632694896,Medium
13.403182041143813,1.6866356109403293,163.19916320661363,5.367372576874899,88.22829548014253,Medium
31.2074453924567,5.827076395912774,3.827426043954407,7.682365873095364,26.045172767045592,Medium
20.470582609562022,0.33044063843358584,587.012872234114,4.258286785573205,27.22874262836868,High
27.602359042599012,6.0654614149254,579.4483258918485,4.246472463822082,33.34937416291198,High
21.806326456765834,11.568208885412428,237.093178483383,5.931438525727726,23.820585462486985,High
14.723287977095884,4.610480555829603,437.0225126037876,5.767365960303603,40.34924785633493,High
47.422665348107834,0.46795215089893905,207.48365904625499,5.578166076835761,82.8667381591803,High
38.18028970798804,0.37146949103212235,402.6558942515856,6.45509881334455,59.22782725028594,High
7.005658788322627,4.655841119362433,483.25802582758746,5.6036679115578565,42.95572388898109,High
43.42339879489564,1.9202992375583285,568.0537468153444,4.96128959234046,84.75286356569718,High
24.371559912475682,0.28022515593823094,240.1273655098032,5.5473477454430045,13.877138598065786,Medium
44.72761134470457,9.074563367402122,469.9787897736286,8.874521364051175,26.82209423214891,Critical
39.992762797365764,5.502276106582688,159.55707037927127,6.055567084974243,55.27108840814072,High
21.26067522346167,3.4709372636718543,594.199382276189,6.2235638842916785,59.24420985545433,High
1.12346541600587,10.800998196197769,15.461759258610686,6.8827249497556995,13.164600525009051,Medium
13.433867969247304,1.3936675224063073,362.1172839006726,8.916703842071133,42.243100632570574,Medium
27.081710733043344,11.471025947463831,395.7035889907963,5.208006382178815,61.93231718646982,Critical
31.673910991307363,3.767600608528234,412.8273342444773,7.4064105526621695,65.84564371227214,High
12.894384271660114,10.660844067704176,72.2325472734534,7.579923467708621,61.051192201301546,Medium
6.967803703641207,7.2353145177535385,563.1178700838783,7.03662208396533,35.64505794887396,High
41.74651183996495,9.920488316897849,108.70996743004969,4.44289169818322,17.48160988783276,High
49.22010903517761,11.808157958525571,373.65204194390463,7.384361379137882,44.16899571354673,Critical
26.28450911513429,3.4608652538249487,133.60564747385098,4.320473555180877,20.300354989444436,Medium
8.583964292415175,11.533625824891116,184.32985021276252,6.980713247749485,85.80989268165337,High
13.615366325968449,4.673782738829044,327.87512503687464,7.697905886108713,48.01366928181026,High
0.9195338273733367,4.626142856843067,250.31605113874588,5.054849453099752,35.380733948549405,Medium
45.71494032802495,4.084645251054068,96.13536058590377,8.20811003771387,71.30432568951201,High
5.887554144507057,6.496891288171023,102.56184145250897,4.151769027665021,49.83588740658111,Medium
28.825823775712678,1.8497405181418451,250.88687289767978,8.21906431829153,34.80272192099601,Medium
13.7027610343603,6.644537824296134,454.3697869653004,6.301645253213826,74.95741939126414,High
27.708900125789672,6.500457748920049,538.7787881086731,5.0879396996582225,79.37217208008975,High
32.57101941759321,9.14282175125844,50.47659735562971,4.66889072496984,63.84065330309416,Medium
41.48709018536008,10.003799543251027,235.86234453564063,8.766535837911864,13.757153792613384,Critical
10.32106358803016,5.2852962037490885,60.147338233725975,4.363327937905783,55.30583041332257,Low
0.5497914329240239,3.627998992217925,9.95548837955873,4.995467099679629,71.06359295978253,Low
6.844281503440364,3.1120187678051336,397.03120958637396,5.73911173716523,20.920240966686574,Medium
45.00093209240526,2.335486040458463,361.4696651799527,7.101174244805602,28.29366011076827,High
43.694503878125765,0.6917709863882986,97.81146828893172,6.724005426380492,80.59960840545091,Medium
29.870655108515415,4.1093757460165605,140.28769985583847,4.62821746206157,11.609737748245923,Medium
30.025843021682668,3.242972305569399,14.22465218671103,5.4486399186910734,70.21817102607808,Low
33.25183372731277,11.59700863039689,500.96832341664225,5.19375885543012,47.90186340115383,Critical
8.76856393117248,6.6925059150005275,584.8143576291309,5.067714272451707,45.74177270716855,High
45.72059729624799,4.167324468366091,81.27572207681449,6.055721682399936,10.567722599590974,High
20.938526244603654,6.965611211924352,138.88512825917886,7.520157262958285,75.55185847731943,Medium
19.156926412474874,1.670360416148346,521.0457143681605,5.08726466108618,38.785992050925316,Medium
25.94588526414188,5.328524990426435,555.8782787737109,5.833394398514907,53.26125050404343,High
2.3482983387527523,7.514811857052766,251.7764296840862,5.954587134205811,64.18405490685275,Medium
8.314168437803971,5.866773981509416,30.373483361444475,8.88228264717705,66.21036611503327,Low
36.90168082131852,4.821345607851891,23.63510021569164,8.773331784395344,86.47840470608578,Medium
4.139933396256323,11.926180666796379,344.3699196414063,8.00068791376038,52.50719625892873,High
30.15760547331941,10.563777145787125,235.7370653359074,5.208294604095926,41.977564077954206,High
12.267455484066048,7.480871497913281,17.19145654659271,4.340186570458348,86.29629011933663,Low
19.464780702098828,6.832528334187393,349.95143538753405,5.584520688603124,61.36881880204169,High
14.434686838534994,7.447925757895009,6.781521953413483,5.333972747169154,33.85202850212445,Low
17.783635823247458,2.415745293869199,472.42317488956377,6.529629000731969,20.117139632285692,Medium
35.95229525921228,4.741652919171823,183.85969362202295,7.888639550338965,77.40436011721451,High
14.85608578115875,0.4735143946907918,24.15480180553926,8.29161469439429,38.974528223532126,Low
28.32023201484486,5.7065524498419204,353.011332589892,8.224320427052543,62.837577709154495,High
23.802520109954983,6.516295007491959,238.6106486598328,5.798377806115338,47.66531354927185,High
33.18355826813241,2.732996833238515,584.2802480142897,7.436171717303415,25.91438238360307,High
46.8414869662379,11.568346165986165,326.5191975022213,5.5641709876211,58.134928689637206,Critical
36.62860486051252,10.913455331246904,165.14350862220496,4.3045277161759135,14.854645516054585,Critical
10.747018929537838,8.66571882547087,425.6633187803849,7.507826328014712,43.06739678969538,High
1.5591567530642336,6.400639545184351,162.8952015256268,4.04913776284894,53.729195173093686,Medium
13.113202214991254,10.439629915772219,542.545974844539,6.045912937292442,44.88375792948632,High
29.753896535012743,1.567828125881555,224.83318230442586,5.6468963465103785,69.89377402007926,Medium
2.5712906742125172,9.48611753129862,329.9211376657231,7.466887692594263,76.233996363625,High
24.818312360061817,1.4978497676021796,30.343862294537317,7.8312273638018945,71.69944592265423,Low
29.84214244584446,9.530527950592866,255.67274277133848,5.520473179856419,13.105035824944169,High
16.712194540848042,3.3092108190162834,499.418123796597,8.058135072224268,25.530301635677777,Medium
38.545610187291096,10.525086972218267,483.3892832180052,5.469583802524669,52.928600741101945,Critical
5.32991265668859,11.328505125904774,134.59113531211574,6.231631799932806,84.7857632355041,Medium
3.756889086790438,1.7855516328613876,135.64744260633762,7.63509263507067,76.79654200416935,Low
36.409437810180165,5.552107260784722,490.38318732794204,7.464601146123943,77.40276066814414,Critical
24.774565810309923,11.771848537952222,558.2390521015953,8.936842361561,34.25665550077399,Critical
34.420119821386805,5.800889231677759,57.21655276380213,5.12580512107966,44.355831766296205,Medium
21.74136693018731,10.362570270174542,270.0351836557352,7.3115895676979115,47.65647578527499,High
12.320101661955341,7.064778265575838,202.47256737853738,7.048409541378887,22.589726667992835,Medium
40.955115883709986,4.503958895035222,522.4130732744636,8.575492272450148,12.485450419556505,Critical
39.970793948448964,3.4294026663104424,50.11494880801126,4.781810708224375,85.75223195684134,Medium
34.73482354272134,2.4386770930330472,126.67556553482244,7.758990817934665,29.25700685308054,Medium
13.607256861498135,9.141578296532366,451.4810025518966,6.841343081343842,29.195912297890505,High
29.511533343454353,4.6384860818763345,30.776309388729352,5.373329348939527,16.670324301500763,Medium
18.04869484700134,6.135305546409014,295.5212284285736,6.37217457073587,84.28062015550228,Medium
4.579103666331708,5.907905760014183,265.26422080783203,5.668882985348989,56.37896919518176,Medium
45.86567877311214,6.927348350797574,200.6407073932492,6.896567013942304,63.36294857002831,High
6.84093154594807,10.386925747494626,236.74338919135428,8.445003054073329,82.9261509810442,High
47.51186769104012,11.768872123001152,317.9643521581398,6.84652492206101,37.64961351206316,Critical
22.300288647897787,4.891010502885804,96.82041503302987,7.15861209163292,59.72058489104673,Medium
9.256646441930982,9.930227065275638,343.19752697015565,6.593739235573548,13.103956378310997,High
27.095047368917907,9.174333535856611,483.2593975799918,4.2558275322273795,24.94180225849035,Critical
43.647291793820415,6.882347417466879,456.0965578740954,5.164292784380471,76.4996644071954,Critical
36.61124432047806,11.472565723343198,92.33994281626421,6.460008647160414,71.34146850706685,High
40.328057393072484,2.4056941863408334,89.54968184488435,5.551176418723523,38.05141531657175,Medium
32.93916833553587,1.311170523715457,160.904620646948,4.908817988805971,40.144850221937,Medium
34.613828225892625,10.247543603465065,216.64483580462232,6.520664209592192,52.684354684286355,High
42.459782578265965,5.26979779960498,245.07334884508955,5.614048967239252,10.019280374810764,High
12.483400442959297,10.163626250484725,407.8183301000072,5.290538215867073,29.29954688304223,High
24.471248182157023,10.71708246234498,34.00825929950124,6.319927087201904,26.658544688657155,Medium
11.060472090980111,0.7494911234288573,20.803622535639832,4.666421290410866,30.038635739981075,Low
49.38340039983235,10.601577155832729,235.14633776634543,8.638728665377037,74.4724674026753,Critical
47.202966984330665,5.379828664433067,418.2982152827883,8.338510489596196,32.37390852371546,Critical
1.971340568425295,6.125189868050787,116.06120577388954,7.538102928702677,25.321705764011853,Medium
35.27875862578442,7.519110133118523,384.902688753751,4.531069137942281,50.341076863442524,Critical
46.26241587078329,11.11659128076104,155.89688276417968,7.879386272348465,79.25160290981856,Critical
9.028767256366677,0.22939313315716836,531.6516652881098,8.039786640545096,29.30797630699999,Medium
28.397261527631475,5.722121619813805,537.4139665599699,7.838823088571688,16.282899423423896,High
45.774414879402094,8.252664509166728,178.37232256879588,4.569829435596206,38.512378867973176,Critical
1.697298929289942,8.672483492378742,137.9962523779443,7.2195397853388235,69.81214596519823,Medium
34.871013362342,8.310389178445295,246.78238323973875,8.171623978746993,54.05524357558357,High
14.867450368627539,1.6132215528974623,144.31895110808924,6.886767006098339,75.3434695659478,Low
46.21980976882652,3.592747060460175,403.4303059750222,7.2320368761404445,86.76737180873872,High
48.552912258268385,4.304586305004161,495.6388107289713,6.291817397131531,73.41299814012936,Critical
47.213324455671696,9.65324649215406,403.8552785467302,6.643536599420263,58.30424630750027,Critical
23.71071083287319,3.3451184689746363,494.61026834960967,4.1718842917586265,49.46732704419044,High
43.10213254946567,2.528459566406438,238.19529732448447,7.194815109866423,13.205526907861334,High
42.22746992675352,11.489376228457154,93.79018242531652,4.407236064455796,88.7457583051233,High
15.955023662162782,0.1063594213616268,442.7705684385553,6.175072971701117,40.6784898060034,Medium
41.44577370753387,11.973850268183739,216.28470308493232,5.46327548833704,22.178257113349346,Critical
1.850381735774631,8.121855586288747,402.7624951374795,6.727139751058566,63.33670843171654,High
29.81349392410265,9.941631593389404,162.3863651890594,4.667081677616036,32.743063127636745,High
11.500441864385152,3.535432756154318,48.7377808840036,7.4582170098665905,56.86226167448381,Low
6.0283442888639405,0.17178333200471974,595.549077292658,7.975057684642351,56.941432627567295,Medium
3.847660081460458,8.85443422273836,93.72090475835957,4.8167722487157825,45.658385672229535,Medium
34.81443879390699,10.00973516400811,593.0525963780887,4.521565436759411,76.8894892436034,Critical
16.993748188403305,8.885713583442229,586.3679595398684,4.727577413936796,31.19736492443544,High
36.238338576438075,1.7142034476100632,476.2908623448238,8.385637809492508,45.890607329418735,High
3.2678170399471185,9.04113506708363,395.6537772491985,6.640946308781781,53.01537028727772,High
15.764516891530517,9.227073385291693,346.6842301506508,6.336304980037513,63.08997766138397,High
26.974564618766863,7.902486188040658,519.6609272267008,4.533559095511771,72.71774804044716,High
39.53615824194818,9.193391193547034,173.66371297169277,7.247780033784808,41.584582630260485,Critical
15.937625146603496,10.151057276132786,280.60872749092624,8.33999795947545,61.68375552772768,High
31.294568821850454,7.363249370849501,371.63398161990114,8.140929346617265,22.04887624548153,High
44.29888741180935,1.0632565676361487,246.71428552169465,7.130273544904006,84.61184804339828,High
30.79315940911523,5.85153371600653,256.4918724541608,4.376393583258368,40.64470451368028,High
11.647973737681689,0.9317920160592608,198.17080050125065,4.5619851358800645,68.36171375811507,Medium
1.220039077826901,4.89051637238917,338.5390900107216,4.246544935549124,11.627286550574212,High
43.50494369504649,4.885277869507531,510.3447168090696,5.2873960824623465,26.41497143238456,Critical
1.063470542519357,0.792118129682899,120.9170268037877,4.678307335801889,48.966603545886244,Low
43.73508363420997,4.185846407633752,560.6598232520648,5.300240201262169,80.26019741858772,Critical
26.4468567013606,1.331977185495778,413.4525922489378,5.925290278594808,52.18041199605417,High
46.95338492564481,9.698822520110665,493.9639276080181,8.714913920355677,84.38963858351032,Critical
39.93916178868327,11.372256311573649,333.714415578007,7.05188029890846,48.70375172662371,Critical
49.89670552666687,0.8677977030952633,467.7100208544381,8.174868928414812,49.23592773887599,High
17.535590772585508,11.461382487500417,9.720238403680327,7.551757503561661,19.57974308004255,Medium
38.35941444655634,6.270919192040942,491.0282548677211,4.5625156526331585,74.21249953217759,Critical
20.096545680462107,3.594788135446487,24.08331545121991,7.679602031869744,29.757232997365,Low
23.99378101519544,0.9223449033139621,533.9480258177175,5.375494407795622,81.9689991497852,High
31.375273160918503,6.007491216845014,595.177648343186,7.195539234973532,82.86593762643169,High
43.68385570931694,9.534186533888985,176.4404773060667,5.704809868214943,85.46480894993198,Critical
49.20417345996476,8.485037727200378,126.19113377147619,8.988361316323296,51.6184391282472,High
38.41367069322591,0.6027121375676852,459.2180183148244,5.31775739748389,64.16750278269154,High
20.888339108366687,0.8748220244148421,151.81580455215195,5.395652353871348,72.28127040493308,Medium
21.06785011385351,4.834479391591645,519.3374299033221,8.653361277811992,20.481169492037246,High
36.879115079444574,3.5434859285753193,61.705555294486025,4.123222023181613,58.07657559979978,Medium
11.938857288415116,2.788611876672574,75.57311782761495,7.4834449393659845,12.743832104264934,Low
5.523705656569733,3.372053986904563,587.4909330603693,7.626631953679391,49.805286671098074,Medium
17.731107882038827,9.641792919562615,404.3033389620028,8.181892887051998,22.38741452961819,High
14.361949582704087,11.150736643582247,508.1323346573717,8.872196553192378,24.633834076966778,High
14.815406022799504,4.861232334330797,194.5976264109108,8.878009595783261,39.20380533540812,Medium
11.680387552495496,10.873332025589965,405.8902497123627,4.326383787832319,44.59497333732024,High
2.104659481818094,3.8579484149745835,356.54509638515833,8.109196613764514,59.85379396257498,Medium
0.8936967366706905,5.717243836125499,361.8900720737682,7.231549668286906,15.954273475081253,High
49.386119486801576,2.7123479737919967,409.51947572263293,7.236710671865456,50.29534089899557,High
21.388656686793116,7.685712506110128,345.2155038774591,4.6417496330734735,24.610010420248088,High
19.216332357984083,11.747773382097707,257.43742158159955,7.250935832228267,55.91801400253935,High
33.982364134653494,7.241917152520544,165.55361662832811,8.912412903006238,60.99236898089468,High
10.912694393253208,4.293769009362586,461.1487985479212,8.559092847697235,54.53674052422831,High
47.49805919751127,7.7738093518863405,135.76345800191172,6.195653304024253,69.0636408382646,High
39.3172507207776,1.4750481415846508,415.4125836926485,4.1997398664304715,36.8487395392721,High
4.470550115612975,10.663908963184785,139.99969358959598,5.811467450001024,71.20852733065047,Medium
20.87903878924642,6.037007409358036,375.19810197267236,8.131951558002775,44.62136653665549,High
43.95591537810824,5.392196904475705,448.2469602774174,7.50749550732583,48.734759865807746,Critical
47.23660111457051,7.03037746144223,131.2283333439235,6.296718277969783,61.84817018088572,High
23.370075562493486,7.4974063534728295,35.96598051678497,4.275507675794156,11.468670719937917,Medium
30.670569460535386,0.8613096747181563,78.58424579650445,6.134473639116513,62.319537713619866,Low
8.35169730460376,8.19140665468083,363.59818036261527,6.345124698589418,59.48681192576923,High
49.558431306848824,2.903180163786355,509.6678437354413,8.64277766447068,34.78776934026239,High
11.58358506917217,8.567431590079078,26.99809274125462,7.205430517910797,16.86354279195916,Medium
47.136588706756285,9.870417532610361,440.49075542498775,5.558264583273244,17.27483599304329,Critical
32.482332449618426,9.647502090630244,204.79118757003127,6.626591322253606,83.85789975881829,High
30.386839743942957,6.6300116088946695,287.1170219517135,4.3302765391108,65.14234569806698,High
25.63442555082543,6.242038707729014,557.3157299073393,8.862841178248683,20.16820910165923,High
11.533490585887934,1.7145115360729406,199.18290284150729,5.80029950965363,38.537853544712505,Medium
8.826401600275414,9.304153804837627,279.20216036369163,6.389336774565679,57.398639512127716,High
11.024310453508768,3.2569125653605724,8.209448856408663,5.776419871184613,76.84573640725189,Low
9.321913107212726,5.9603450738153585,48.95923200290302,7.412558650581001,13.492874297040682,Low
38.97922367833767,3.4112891151302005,155.15495468087042,7.311160791647965,28.93065051760071,High
17.506262958336507,1.6059403559963177,16.711344492644642,7.576611552645678,81.1799192236304,Low
2.8921338281698183,7.554692362700839,378.8251956289506,5.340716148059604,10.733244014705319,High
48.45513150704057,0.651984417874846,255.83901408097353,5.5783424058203295,26.111928223510994,High
44.18929424817129,8.9837428095144,328.8871216368132,4.626256155481039,86.72193407783728,Critical
46.387614159760645,3.8110415431334,104.78831153779772,7.277549859230563,59.07214772177369,Medium
49.745391132321764,0.0016163160538238408,177.55921766196968,4.1989856366782625,30.933709331000514,High
8.694762460974365,6.133549670846758,398.29468491163504,6.988411677617295,15.359287551667808,High
19.812100945132936,0.5622229023312375,579.1816341782398,8.34847942425817,12.255307235777773,Medium
37.911923785204564,3.3140346938507936,30.25006416132552,8.454160741448167,29.57960637095418,Medium
34.80103090268961,8.483717849468594,534.2305925131596,6.2451888018498085,80.51886556711284,Critical
7.694795316992753,0.7522754594623904,346.12872078672507,6.296518441065369,43.273092343800755,Medium
40.79165624953089,10.072061908272028,338.3517400533742,4.384845915040087,67.62666953327944,Critical
11.222028591833034,0.0458390719029973,300.1671211246562,7.3538251272151784,83.46280283039663,Medium
11.190880741131155,2.961886430422827,41.63645154251003,8.106297101864229,42.64323692822533,Low
26.84872114467068,8.890848673824857,53.9261110416964,5.223275273023566,25.302189682991767,Medium
29.646996742085157,3.7952417967516814,360.5472033954517,6.106504408166823,51.36943446855356,High
29.00431039189056,1.2227086567921623,204.57514286133497,8.194196683826352,82.64669496478835,Medium
4.574341869887744,4.322807025605135,550.3608399466084,8.38560233831144,74.34995313101605,High
43.87304313151902,3.2447194366143064,243.95432241568335,5.21589990132113,15.266387469052303,High
13.280002129435303,10.11254282592666,85.96887522158465,6.752853172706821,65.40582400620654,Medium
6.475746064140209,3.7601750110217176,428.8313001012216,4.962465753179135,55.7518017967163,Medium
44.43740399344886,9.467189661312087,176.0120528646059,4.509393820697783,82.59705410771404,Critical
47.78257491148767,10.702465737728817,315.2821844135359,8.555602506959787,19.79851334802378,Critical
43.106380863272534,5.205809034918355,418.69967130310204,8.102537521160546,52.72288905637253,Critical
40.475803736243904,10.919317726252704,540.1584667212422,7.80017450901587,80.35701548095139,Critical
32.76209903195109,4.527816647558314,475.31471688100567,4.243831594065702,42.80190293933944,High
27.542868530456964,11.568940997881299,405.81664072363446,8.218643963551287,48.55959341862936,Critical
4.349337995570507,1.0714742943068751,407.77990943708613,6.190220379526918,15.636854213356663,Medium
20.422660653534937,8.244231198038912,567.554786419252,5.7119756164792985,32.251491235912866,Critical
18.6344258506157,5.925768485483144,177.4944584979216,6.732381805126883,35.96053193351579,Medium
12.98768918801631,4.651785665467765,0.6672565177124445,4.4567662136177795,85.60979589959095,Low
36.17100568442925,7.5925425449832105,163.17273563891922,7.783232746761994,32.613388843292725,High
24.79378675393854,8.446285099611973,130.7348277760464,6.912175384441479,46.86949882157216,High
4.052310795382397,0.05235923580370905,397.1007510683989,4.932950484365838,63.70435388514238,Medium
11.009160097490566,2.0034370649663846,380.22695985931745,4.941160998845228,22.97466979263019,Medium
34.162938182979794,8.556552607611824,356.0768296228343,4.921243257863371,48.91539097134996,Critical
3.8065429745150094,7.996624962938478,9.74606592567222,4.28501193775967,69.08312315807261,Low
42.56034570243843,11.592570061544127,437.2668326703885,6.938992246858424,79.34841704216528,Critical
24.757326350698715,9.132453483009396,194.1182474912949,8.201740887942542,60.100741972994136,High
24.0293288663324,11.409272492776056,399.03359340397867,4.087491069936943,63.524281225355836,Critical
29.62038923297588,8.430486018417684,333.947057101292,4.245023224856368,20.102677806765517,Critical
41.234048296257455,3.576626503673318,205.6385552567443,6.863851383434729,85.66211977970778,High
17.390460395109653,1.2643790670102777,80.74576026246464,8.097478426930262,20.60592619875859,Low
33.90080762795318,9.381886360139227,56.65133859628857,5.633694452843168,71.97383497454386,Medium
28.28659819978955,7.729790657710991,498.9109998673341,5.748071994038611,31.185305742265506,High
13.351413508471065,0.5782321487195548,551.0385252489348,6.98173248748388,84.68745149610012,Medium
43.9314993177579,4.32060559081174,389.8728280585797,5.3710644456207355,67.59676314955837,Critical
39.871301080346406,11.481597785811434,62.06046891629002,4.133041830388421,70.30509703826951,High
32.922591732921276,6.004813748522414,241.21633013294442,7.676142590507981,27.524733844790667,High
42.52908645471209,5.192749632236456,437.3635200630943,7.128249564707266,45.44319813081287,Critical
43.364710047990116,5.492395261911527,467.89253040604086,6.9037799952782954,59.42505556714291,Critical
35.41814883575174,2.5065926880619647,70.93117337465316,7.708420644959116,71.59788945652807,Medium
41.8506664181836,4.424486050377542,0.018431307229449523,7.3761541878101875,18.316750072991166,Medium
34.87357308346418,4.43775907184612,427.282227528363,5.029409940891606,86.98922531636227,High
34.00703858801502,0.6282602422496688,213.95770559172337,5.762405234716756,81.21765364436447,Medium
30.930568910759217,9.21081154221502,152.68879897095616,4.630550708393125,31.627887239646746,High
37.63583197788206,4.998053182846547,7.738481873715264,4.649285067089405,75.82081944258655,Medium
7.930255264653685,9.86615864179708,324.1796440568998,7.380978731782696,51.465913843185874,High
44.04353795994642,10.204176013438744,510.69044125558906,8.29300053491249,46.944518524961495,Critical
43.5921763872616,2.5439286563838968,574.5789877635527,8.813662919305695,35.15472846491243,High
1.4623641517279573,7.888241786041543,339.4469703679735,7.141735587747222,56.4774869305274,High
41.290837528238136,5.6673816499557805,308.6767966439365,4.920506616804785,68.39112941628782,Critical
6.4434933736722595,10.56188085505782,51.033831293544665,4.528251727244654,42.87463239702066,Medium
16.755942712957093,2.5888881501174494,329.32368092555987,8.064254857683789,60.337535440663366,Medium
37.17541281458039,8.133758403720531,227.98744737923678,6.893782381799996,65.9450336924243,Critical
8.03799480241541,7.29302546703267,364.28116853014615,7.091425105068599,66.88974536122288,High
40.89835120595311,3.5436177308619934,233.23580872592802,7.907310443773547,14.15728785049442,High
41.606708897887096,1.6392108438140713,144.17947407022004,7.5163861386622575,78.77982445480535,Medium
25.373386688041812,7.819677125727319,56.9791651370259,8.172291264280483,46.66026518120383,Medium
0.319293585841679,8.863169497587968,188.95106675333744,4.281069527299392,30.993286535697155,High
14.351906658745639,3.7875281251602,57.986900572651365,7.737603183732524,29.34116059837453,Low
30.84634591878711,7.7379912482677655,106.13817049439037,8.254263786610476,48.64112902751604,Medium
49.059308901371175,4.741570891338039,592.4016951477275,5.430675212291572,80.94652315751674,Critical
31.59067635083342,8.558482599391413,266.4621341439712,7.202236369966265,40.26780653461175,High
12.99017905320799,2.3905832987286373,319.1230599030099,5.570810319184861,69.97805974268346,Medium
31.700285154980566,10.682580031634092,524.1711172423292,8.78985533241227,17.74549847897749,Critical
26.999268985792774,3.4489151575869568,597.3413402944127,4.167117862177519,48.08453617208494,High
38.99226975755718,4.413431853073835,349.6286696068089,6.898964219164775,89.33489123141885,Critical
5.349031941347921,0.6971034249641974,487.48429262650296,4.832517735247576,71.63502422338695,Medium
38.0513951251014,1.3381465478553167,196.16461460200517,7.561101025885794,26.84227907524904,High
27.063328933805515,6.1903428325479375,183.44637446837467,4.8794514170933105,50.11531789583286,High
48.149600192949734,3.211112120735658,241.62223259673613,5.176916309491788,28.689981091885322,High
17.093608301934303,10.025762708906333,403.50435760418947,6.471854055228791,42.76487418100074,High
31.631094656697407,0.17632066385944611,409.31501355305926,8.57417474998439,72.40672189879717,High
46.60140527550087,4.549128584063235,189.1436607896705,5.058571860739854,71.6979852232323,High
5.125486399533963,4.048146561229112,79.92595448197721,4.721200105590517,28.24803023219081,Low
46.86142436182256,0.23193157101121242,379.43775387930515,7.794884159270153,83.77786545238881,High
34.394286115040664,1.4924207880061227,76.99551731325872,6.5030976616696545,57.405454621186145,Low
3.391852955258595,4.963712099023623,347.09550493759804,8.558925561908858,40.39394327696116,High
15.048178347340812,5.91437501336936,416.0532768337854,4.733072785799211,50.15484646246885,High
35.40860443226408,4.85147696705843,420.366897836671,7.229639465115197,58.4057002750195,Critical
3.367530073438585,6.371252140945126,452.083266395758,5.164395730759075,54.79124254766283,High
29.108523008813663,7.141580098868179,523.7156529393988,4.783802143258196,48.91240284289425,High
17.294152847647837,0.11908585353402756,299.97539517887304,7.417147075786353,50.39462432715201,Medium
31.045775888373857,5.569141913442047,438.1495137177427,6.968423099543666,24.112952834230896,High
2.2871016906256427,11.56199089065106,371.503641219502,7.774137291811656,75.01863234437435,High
43.576840307618816,6.228387361554585,111.98396387860954,5.547312882230912,53.34082559528123,High
48.67444845886985,8.130507209507439,15.4137869216449,6.23985828191095,20.486388936376247,High
48.44389276428458,3.7423662950025984,170.72483140616026,6.027358381652093,71.29256812662223,High
37.48259158714624,9.28789653783315,265.82022380257166,8.920447319832572,84.59551827018807,Critical
6.504312006531599,9.27505778251338,370.2635666571938,5.461244783696939,85.78455193895697,High
37.913159796451126,6.255552571849668,509.97559830192324,5.474086191733834,39.52141859289382,Critical
1.2293458229400755,11.712165879350563,117.74743002369938,5.772741044143037,20.84134988486032,Medium
1.1061775764498627,1.5066025771518405,75.32987393908626,6.822970406451608,51.47197013064521,Low
16.18051095747706,0.20337197867497192,578.0879684845966,5.261613721318726,19.008738347937655,Medium
24.432159520233288,9.241898541085153,64.82673562584426,8.576449701896369,84.71899348100938,Medium
38.52037089038966,9.68586644837859,287.0946420643135,5.3284278243313175,24.68637018841168,Critical
34.16476883032526,1.442486749446915,351.3382372759811,8.479078657800972,30.221268796093128,High
22.295135318837417,3.186993995503273,324.82465254446294,4.517375318232923,42.530922150797636,High
13.681333314083293,0.2106283603995469,51.61929421976592,7.2828135119982615,40.65315748473006,Low
49.856225007885556,3.5197033293667763,34.21614840217162,8.534927592191218,73.57303139183112,Medium
21.30906511179865,9.277702487024058,63.2900564766214,4.843747191991148,46.50534564407699,Medium
22.569351216483774,6.215526332550947,351.3526103235675,8.841634800496275,23.66146080026695,High
8.181191059583458,4.177147118019457,326.6069325805927,6.264416802077559,31.376791638885926,High
39.740477437496466,4.460871538875963,140.24447522204656,8.728575542205123,50.72907081500176,High
34.68411128907443,0.01624350858561785,382.66448510735495,7.384100218150235,21.79631339409079,High
11.03848063943802,3.5976063307828308,492.04050123338965,5.5079343493677575,58.93245405168113,Medium
4.119052280792134,7.757504899655165,24.94737590795626,4.941512624585532,55.25978452409167,Low
34.02496510373565,11.690333325796285,298.87796612882545,5.518675231125497,67.17618531058062,High
32.72556071405676,10.164729923806794,413.5862472616142,4.465087046313375,85.01636923034941,Critical
13.662976349910466,0.2831395757463495,151.38715624181225,4.719339831716649,82.98036488809245,Medium
47.543178112520515,10.782727256098072,184.66254317588945,4.523302201732406,85.68604944550651,Critical
7.552894589045012,9.39838095958351,368.18274179363027,6.114717718707789,29.577247761896075,High
21.616740052130094,9.364513482851764,538.7611760662421,7.977891881287932,20.525224531148368,Critical
47.18079600837994,5.495949108042858,485.9546521817396,4.7069177710817005,34.18213603971588,Critical
20.986365846306114,4.776063515454034,349.8781314597501,4.6516021658616795,81.60681382130517,High
31.92629738320428,3.6349887459983115,438.1330306543495,7.217144747586653,87.76427796987906,High
19.879719898139715,0.7883383074523893,218.8934821246792,4.985914909840331,78.74599608563808,Medium
13.710760117433502,2.7388243619243893,384.5793168592546,4.488050190544958,18.801417690203486,Medium
49.19888239799141,2.9592436197362955,279.7089546765342,4.8342428910278885,85.79423984478345,High
20.46670031575215,5.808924836522419,113.96168187453655,8.61865697938388,43.86864218806288,Medium
44.70496018395672,8.969332879160328,421.0429643263543,8.107356263880954,10.744823260988294,Critical
11.497730294554309,5.685717940775359,333.8787824092932,5.77032281177547,45.391499259855486,High
10.655235201254165,0.6941333933659273,215.17294917215483,7.279103836636964,13.685533574037407,Medium
1.556704144225568,11.493477611858447,546.8035140471784,6.68637836834019,53.5102336928894,High
32.58334126879425,11.312691829129347,12.56047069603996,7.38562131741282,37.0843221949641,Medium
18.426317186188058,9.4222745177809,189.4638907496976,7.413355762313797,47.8747946875239,High
43.21791249198185,11.895934818770646,34.12883866658794,7.143670075299965,59.05362885944936,High
23.66049533457786,6.5337879936031555,459.9163897329763,5.3305068426865425,79.50408766542563,High
48.40967139573608,11.553220203038473,421.2644724682756,4.195032103814091,62.95212611775429,Critical
9.276275785156058,0.9072604874010093,198.8113312417902,6.2778339099505445,44.723909478254456,Medium
43.43115839778054,4.388168979136456,405.39774132424384,8.45486942345352,75.55422829362921,Critical
38.829842639587085,2.70457521608119,237.5623357175699,6.84748629259288,82.44657100585057,High
38.5460922322026,2.3499970096112404,453.75227485346056,8.16195520850954,19.580797314575776,High
42.239161405844385,1.689635386712113,272.5101976420236,8.95812171480614,52.554638204223316,High
38.05119954714994,7.46896369879196,247.36783669899933,4.818081020691381,32.76095677939553,High
31.31101608157077,9.37586226896766,560.8379492929806,7.458888195709911,13.764895830155792,Critical
6.562243884119379,6.939580793044328,150.52745993442014,7.371467868500123,63.483735609118824,Medium
1.6263089745625958,1.763552515058516,72.26840399793926,8.899777236791392,79.02166219673805,Low
46.04239239078434,9.73348523920165,350.7258679556749,8.928003669764003,23.032212358191522,Critical
30.832515726036902,7.631456485964742,581.5930873705073,7.433393058620648,74.99309260991204,High
39.826864548808814,4.657988473523947,226.703528236312,5.218073959910972,78.27165868295533,High
24.076117575627503,8.089563546432755,37.22205817726891,7.992779190652995,83.14723541331868,Medium
5.865409448119724,3.118859750913994,203.58316038574046,4.53514567105519,31.22280712688419,Medium
6.259289610127522,4.142306501930526,303.5589925917351,7.903496520858143,82.31624521519115,High
34.27826436144857,11.009830117583883,97.15380397932822,8.550980620723482,35.653020378914576,High
21.515294744973133,3.4860540680570447,394.86133083389524,5.9141669738421765,54.187041076440224,High
10.026236335016836,5.639859217895239,598.6496334061204,7.153176474915402,14.04059766658257,High
24.579727337071844,10.681693648752177,271.0436855888663,6.150713660484131,13.510487069499488,High
3.2104468537567046,8.49265620321033,212.83713403812757,6.188825274940642,67.62985701857623,High
29.09857009571994,0.746438713976433,240.42250010067997,5.5518544455406005,45.55839823822328,Medium
13.449670221754884,1.767636531347644,69.08770703712068,7.810648102251623,30.503390029537407,Low
39.87795503185941,0.09409908926300181,529.9641608557342,8.680882820832526,25.233079681992816,High
15.518097946178688,7.571061482749961,248.8953933128112,8.703754296172306,63.59627926873745,Medium
22.76100745409006,5.3720811049250194,232.36464685490478,4.8739064243746695,10.03212352202719,High
0.5810269954050318,1.6112982108273064,395.8141637582846,8.373718248282831,74.47129353574834,Medium
3.622344389727944,11.495209452681244,265.2200525586741,7.687157207135611,16.339968490394305,High
19.62467782033424,6.355916687347438,388.9400812847076,5.264187003451447,25.319169192649554,High
23.996941735856176,2.90271952935467,36.86777407847251,4.3364230646075725,40.89891162392717,Low
30.001027405965186,6.007242853856491,488.23400623333646,5.33998633442189,48.78869917728829,High
14.583128935465162,8.155443992821294,564.3023717276416,8.561041183907628,38.399609265115345,High
34.74909430632713,0.9148706156827737,389.25923169563157,7.165893374478861,35.656973198743515,High
43.00611985946023,3.296445780574704,572.7395573152864,7.6052733044893595,87.11328096585507,High
38.99254944466749,9.683585890607922,90.85938862197797,5.2857617555454794,61.32637449947154,High
1.9809412674178573,5.515978444831935,286.4497136882122,7.596940777874101,11.874636429391057,Medium
24.02534736289145,6.558925704387539,361.08404036726836,4.140607531389619,44.41407267554506,High
5.246508920908743,5.193792026513631,349.041988452712,5.8766067288650685,80.00069597951762,High
12.102250793126373,0.5267993117160614,240.87706745342595,7.133766742711656,34.11649491285344,Medium
49.333129663357326,1.9889973578418711,202.85064561975682,4.730482827706601,17.56450758195106,High
7.124777145075662,5.346499664902691,76.09441353025129,8.115017872234674,70.67078172719343,Low
24.944407672567802,2.510225584895134,235.0454703373669,5.175156494059593,58.4811065548865,Medium
30.907786715905956,0.5997483439161448,97.59648906329107,7.2614055640922315,55.62500062612031,Medium
35.1232485272052,10.123795968621884,440.61940589533106,6.025985712876649,14.286124768592634,Critical
27.982434174345705,11.77431034996939,125.29856129675399,6.980217977388236,21.239920783641388,High
0.48854237095918296,9.517714487960873,35.139183170720315,4.537252763144541,59.8039516970491,Medium
16.323065412199593,10.245419060456005,331.4196826903406,4.0845639996080365,26.625907316706865,High
25.885582169235573,2.9037255638045445,357.137839631641,8.547822136901505,50.325606379873946,High
4.393324957241668,11.527523706158398,523.1478367683033,5.348150043835914,53.59053488235148,High
17.53134656045904,2.3631084534411406,346.18896745060914,8.098385013902295,32.680575221675156,Medium
1.6601554395683282,11.417157724341987,207.28851223406744,8.996751502361,85.87401244331943,High
3.928924857751037,11.937831527591413,481.8071289157923,5.0571562899945555,77.397128546846,High
19.846163810079805,8.540673668952586,324.16733591245264,5.325853705916778,67.78988061062388,High
6.635787702153017,11.773724781501862,47.56817077871504,7.314298938173328,16.239509312752727,Medium
28.37704241307791,6.834477354805244,339.510336187948,8.827243173003106,18.490401544721557,High
34.47324845686329,3.114501398113084,544.8111272529974,8.579071740953719,49.422507669196456,High
40.029334955454146,5.24395062798745,237.78757529893232,6.514377600327924,22.857067935278856,High
10.007512212240504,7.122731224545431,177.79548113988005,7.9755514126336235,88.26123708235792,Medium
8.374129112953488,0.8769787443241799,86.08167421081203,4.678729265499506,22.681618722192756,Low
5.228392016720012,7.468119175406953,90.8673131612144,8.88719092102006,48.99742683711792,Medium
31.821512477181834,11.774134041147533,259.6628906050913,8.821766170179933,39.12968454732044,High
35.32378632434506,2.2812917974047315,357.4078944969177,4.818644789395854,61.150913716327835,High
1.5793072412821019,9.5111413954606,48.36924310176105,5.497115624015533,20.322912711153993,Medium
46.81061231218449,10.894785525355433,563.7411534150995,4.500774987533835,44.42531424339127,Critical
2.5985641825736208,11.32441911384265,453.08017046711757,5.3585879944908985,31.97640262457149,High
27.06481676505352,11.521627252865366,351.9743509701976,8.079778947076033,81.02012197373504,Critical
35.453025972545824,6.257515664657664,497.0632025633945,5.8915780358262975,13.246856970775607,Critical
43.54845618730428,11.727694895898043,48.11205408726798,4.441984835733792,83.09819952051674,High
35.70434660662139,9.087722485613266,286.10332663987464,5.711127623894523,76.63953108424003,Critical
40.08640415348959,1.9400572348435428,378.05587611699804,8.9069166712064,33.805657315265236,High
16.972509627140305,5.722801277615639,497.19174367097355,7.148417976296015,73.14325237416838,High
40.74125568732561,8.619974104464047,470.0817360295606,6.0808047320307885,12.497084827099805,Critical
4.005742319233757,2.968083789829,166.24154982803978,4.83269256748635,87.34924402347148,Medium
44.74083280302638,7.687382202586648,564.5281017355226,8.930883986418474,52.12759540718315,Critical
27.37961880768681,7.999205748559431,74.6075048585222,8.104245046315643,34.26248208523562,Medium
40.864888498124685,1.9523969257027907,525.0801711726913,5.407386512254597,39.00665700757416,High
22.615914225915006,6.781023749433075,582.5641497627711,4.350343478605947,15.312428276839789,High
32.178884759826246,9.259522931743293,106.29211393357534,4.28312778688779,89.14796112336313,High
26.320133046805662,5.986747974431303,433.23963852227115,4.601890747527669,13.143355612055396,High
36.579476087766594,0.1452374013132891,24.17131126679908,6.903842918072108,62.392569851828725,Medium
4.081499101529479,0.10846162895150613,243.25369508349297,8.643817106027463,45.41887421651666,Medium
3.01760419952819,4.284352127640146,309.76997951860443,6.483717140029922,85.91329745509721,High
12.355161700507322,11.114328821181385,348.38713554578044,8.214727412280986,29.679979224543615,High
7.977234005659417,2.7441213552433052,561.5623489491358,6.2294330992990385,52.566945915040904,Medium
43.589178329610085,7.612364266460245,403.35041237651683,7.542917728839126,48.58849668662024,Critical
10.960699367902215,2.664910448319847,288.7667707315422,7.6593636864325045,66.22931552400811,Medium
48.79326279095657,3.8600398759145835,485.8050217595336,4.869818529516693,15.44081855619364,High
16.844789588555344,10.176505075217808,570.3196925726454,5.806080294879059,25.50313040186839,High
9.105895784434964,8.746337307239362,13.239689209374506,7.186510782690119,27.165185607427986,Medium
39.484925357123956,1.1447913277585275,589.5127633536232,4.353483040921831,69.05206038733517,High
32.935388775043805,5.144424251837203,51.6792834382082,5.807700938814783,25.131095706139206,Medium
24.90978582265695,0.3500371637431736,488.6320675612568,6.673997331405962,55.87934111127814,High
27.76817754688156,5.770681759236108,168.2008515308475,8.981122465223194,27.219505640076296,High
35.96008891361319,7.949208140412817,79.30779465232305,6.372667813112203,78.92999600671827,Medium
11.422737066564936,1.4220314831778187,263.91338382830094,8.080283785571618,85.37483635917108,Medium
49.816695802837096,3.466619266909988,386.3739476685681,6.160336425333089,51.479437995379236,High
48.73965810733915,4.774039506025883,228.57110701408502,7.981953613098544,38.18471073673426,High
32.516284317346845,11.034372295872597,32.73924496961938,6.9770740081005425,28.72462200139993,Medium
9.977122546457256,11.919060185075569,359.67668379522996,8.432977207511993,13.982480121843501,High
34.01141212156457,0.5389355879473903,541.4419656664048,6.054712761750549,31.48000609579963,High
3.609920448958792,9.132095081944705,229.92921956835102,7.021522099107394,62.33886239562543,High
1.5326251102903032,4.460688796828119,129.79966657849621,7.150093403094137,52.68935450473687,Medium
12.884144425560685,4.70949823475376,265.5464075596892,6.086914709002366,85.52330226247419,Medium
23.131147836965816,9.051179680164273,29.017626629268523,4.721560218437408,41.70218099933605,Medium
43.413625270419026,11.021117185744904,492.2925506881649,4.467797034561678,65.50906738627157,Critical
36.3584534883154,11.411143134030581,495.80448657011203,4.0833577529981655,49.14581979800971,Critical
37.13532605999905,6.92547103245985,352.80027805777706,8.367671321226073,51.00609727393693,Critical
21.27466672240377,4.285453911606034,211.8617333630337,5.182374561193473,31.4219451683294,High
17.296749627348145,9.450589030305352,479.87001866747,5.05753374640884,46.39606214735998,High
18.551938149230136,3.012016599147603,332.8122148730203,7.6801770021303275,47.66279976101658,Medium
49.38247818680289,6.768888346002213,495.55938513000973,5.600080565436959,66.53140173991471,Critical
2.005459570624124,4.302941538298478,378.8752755498124,6.530223462059183,85.25119993488912,High
43.35157480612243,7.879572884494513,470.6432839276784,4.812555326487281,36.34570219860034,Critical
28.93377042861967,2.884786954722083,359.13779593065595,8.798728607309847,13.376037486503876,High
21.930770959479524,2.2991153488179092,248.48464092939972,8.257907000086186,49.703610040051174,Medium
36.262883020756824,11.018869040105244,574.7675159556825,8.318948114825016,53.55690657193349,Critical
24.333447071235142,1.2216441953944428,324.6682949273068,6.033868742860026,23.47524409055322,High
43.67116190408303,6.07149489281918,363.05371112432306,7.811806068535864,70.83716850208533,Critical
45.035093200562926,2.650233395556107,132.29258364884956,4.719380776948901,88.79432867531933,Medium
21.08604634367277,0.4671595599080094,375.3904736563659,4.043095012958902,85.66197736067687,High
13.841389861752578,0.4322258194971167,342.9645896897663,4.09986466289014,25.768483105892173,Medium
29.61751642966811,2.102661265269928,110.90303876821497,6.933008687022802,80.02905919206086,Medium
45.61816728083455,10.401244254072003,35.75225841188623,6.276974526239703,66.35949091293477,High
10.533109450283328,3.38974492772432,362.61559182886265,6.590076744542599,46.30772510455293,Medium
31.148329178174137,11.405510046903549,458.2153616101923,4.037315702086097,53.248879545978326,Critical
31.578011004626028,6.979467515870322,314.0408225532049,6.113433098287128,77.96801399859665,High
36.65565112076405,5.239370277225193,136.06357519178744,7.5903408060043045,48.41079517106985,High
6.57838425636299,6.961066016033455,399.91318601582094,6.213468509837179,39.85658952841015,High
35.79124823410443,6.200380622715214,48.06343596576135,7.661096031561112,49.45979944207886,Medium
45.45162603328205,9.105315045087902,265.1002228811728,5.165094821984174,56.33038432280393,Critical
8.984155443512098,3.389952791674227,98.02005503905211,8.065710022408627,25.12621230226791,Low
11.877166246193882,4.236604699203628,110.67543063593001,6.942156202267261,82.07261842135925,Medium
48.56975470208198,10.729131630399008,121.37636949492219,5.053815497149531,63.934955906369105,High
9.048847635474488,11.357478157804866,232.02423422638674,5.183602379269164,60.66151338699911,High
42.71925466847895,10.710698729837695,30.690123372238574,7.140152322847685,17.95969809445105,High
24.613892822401738,5.0333759274877625,238.67606455745891,8.149697966062217,58.333915053807345,High
12.361553720158852,9.36438603608258,307.0244682688205,6.078138910145776,19.676852979079385,High
43.53749506362557,5.716028799613186,289.9765709797951,5.291502145637962,16.295814015631926,High
22.265262750133274,5.970478225753226,229.67046024182434,8.335058034553002,52.18487165139146,High
25.74086769648451,2.4561613086874075,503.4879648424515,7.346341458754175,42.222842723719594,High
17.961668469988286,7.0935636391021974,87.19601545230246,6.2404274364153824,57.10482161249786,Medium
29.64754257174637,2.233630773040175,303.41804626882436,6.439500976396509,17.13777344457909,High
8.176193629251138,3.9787763888063252,37.22485017393258,5.0212823396819815,44.47864502778067,Low
19.554076832588034,10.260362419439222,42.69340732674585,7.13401315032422,23.982937203612636,Medium
48.470616116764376,2.4849097105302627,344.31950980625777,5.793712552714443,88.96800687392933,High
12.906671635056377,0.8538994220811937,339.6110549326926,8.978225883371746,54.89201699481395,Medium
32.83683322706461,0.8280911113537957,526.8201077066742,6.400917576309439,64.99494887526939,High
16.259503211234744,11.289414246037294,334.7242053960439,6.429428030948066,36.033462454608625,High
38.67365628433003,6.083045255542015,575.8746122429101,6.82925893705336,17.579113182347534,Critical
6.543683035917491,4.91294486180422,29.216909039957862,8.583780015593733,88.06966902268293,Low
48.491052253927236,9.730542972095021,58.80461086844464,8.004090499298751,32.90072283065466,High
22.68947706918196,10.029911134926191,26.439516942228835,6.255650348989207,43.90465481388594,Medium
11.802523167323198,3.9862923973872553,111.16611020012401,7.59349632986398,61.989113736206,Low
3.6748373665006326,8.323416689685542,324.7620665650069,6.931177493903808,11.975783814888903,High
8.487895254377037,9.253473790222639,387.3433088564568,6.461835243506245,74.82073044138295,High
25.988697427800883,7.855808242391454,27.35109476920128,4.961578863921753,52.926255202289624,Medium
16.850158821564314,1.8191408976011925,567.5825339073596,6.319681317274455,32.257374965505775,Medium
41.44416829413047,10.510597002204683,505.29922599022865,5.229092935112873,14.92863882339754,Critical
21.544376183090296,6.469134632832104,177.96748929425587,8.574210749258274,22.999873237955313,High
12.435713629381496,3.3896691164400443,46.31251813588078,5.677034067481735,81.60270870827495,Low
30.8572493302015,5.1027382252523275,101.93224393143436,8.761320072666862,64.88193791487129,Medium
35.33886084427229,0.45085308478688857,76.1666482529836,6.665276450473556,29.992137730951185,Medium
8.352095395047494,1.5344016146690107,73.97026757936811,7.157721893380802,15.248061195602363,Low
8.380960814415882,9.186561006190331,311.13701319944033,6.714702222446639,65.24922499093091,High
1.8335713466771486,0.00013961706439369337,147.50846549604017,4.646903084833505,55.79261807742121,Low
36.82010075328203,4.998789941787506,214.88382991748668,5.879106095039704,42.361561956658804,High
33.190226381090255,6.270122173027062,593.7032000305935,4.49573056138812,39.08891593520511,High
23.731543787490693,0.6556130400116675,410.58854935520685,7.114770220916909,27.345142074328663,High
42.20852244845986,11.676937955667995,569.3884002282008,6.234370976002195,63.56890052300141,Critical
40.28350764750266,2.713503974996063,85.53393301986935,7.889924857854684,87.65344222350964,Medium
29.267718219837608,3.6503846356353704,229.28368489954156,5.102352404996849,24.057219666946068,Medium
43.41356402566293,3.647310147060328,332.8390819694126,4.822830292146675,57.76932960124027,High
10.292060501838412,2.764999945408199,46.05483713324281,6.031661154818839,43.9348044596781,Low
5.595980969886394,0.017685865035736992,2.512466176774719,8.632926916091906,45.73509773957319,Low
13.487480575849482,8.752137529055956,402.2606002781505,7.5521090750620585,30.331782410225152,High
2.854342804465743,11.602145997591425,385.0917100808612,6.094618123964594,76.01079005291352,High
26.5584764000516,2.6915217994205407,246.47328599976706,6.586360848771553,48.82044833177929,Medium
46.830284614748074,7.956566301641069,293.7864456192196,4.421065055885491,53.472468175861124,High
1.9671770334254823,8.902755923504582,249.26580035525376,8.922879481880566,34.38087302378606,High
6.10549570050134,10.181104549086296,14.403026906933313,7.332036523474595,24.544677253355978,Medium
22.609951414171764,5.0715503641633095,201.22296373047746,5.427020342317112,16.87283105622564,High
46.69375087639524,3.635170867685151,106.2493532383739,6.929041971076222,67.12953127399328,Medium
15.807805248837525,3.9035416082763734,59.05451346082125,4.54741183034497,25.69874253502845,Low
25.361740434419623,8.551455997182154,574.0322603336099,8.829183344037919,65.20602833510381,Critical
2.078642952519605,9.801353598067632,359.61583502529936,4.873924939416829,41.23011568375631,High
7.417160048104443,2.179367613079232,437.1937705419616,7.240151590276071,43.261984079172116,Medium
49.33150614794234,4.451292097893182,189.2182459596705,5.227272312694652,47.53419968742173,High
48.25593482180228,10.8232823609898,235.88827769640912,7.587806913242678,39.41668065020345,Critical
0.24699904672048079,9.68032223633687,142.15439633803408,7.884106836201405,18.049598177807205,Medium
47.590589271161946,11.81830083314971,58.17940257925485,7.367098644557164,34.77054480022766,High
31.95599689077502,9.050979116184969,107.41898246495028,7.072497301275963,63.098748855515076,High
43.39591472600111,4.718342412335067,478.5084271778915,8.46234546976006,63.26275211750968,Critical
22.736992781692955,7.087654007935653,406.5274831102655,4.39313355494879,32.897944579199546,High
25.77980142896251,7.932171050967844,328.15732559128617,5.6545738289009755,46.80821012461504,High
24.44232901284601,0.9414697958054874,285.0539237200608,5.24143739815423,25.475778240954998,Medium
33.34321287730522,6.533963509246381,553.4605701936747,8.940069810327108,26.829766522386862,High
6.982562737815645,8.511849941671315,43.640968667201044,5.946948898334368,11.843767072528593,Medium
1.4986794936338976,2.0078556480127245,168.3604879427496,7.6630634962019935,81.73972399261957,Medium
15.396497079559545,9.367580609106685,209.96271214242844,7.423625819405023,26.8565332059925,High
35.23403813683233,7.005273366169339,469.4554873276727,5.060406187386889,28.202710154917064,Critical
10.092672606147419,11.426661428371135,595.5087720971828,5.194988401057756,32.368114611610544,High
33.67162166624587,0.5090675784827003,144.40230885429185,5.40642281776517,20.192645735634322,Medium
48.49560230536352,3.1839136506656036,524.5844004822484,6.055636391296896,61.141030654509024,High
4.69503578947092,7.218646551597889,498.3736562590748,5.1716253282526345,16.011436254206927,High
33.630105911256315,3.5587189464711684,134.79443858505996,4.098257413734239,20.736194106108023,Medium
22.187510965228558,8.573089968854907,239.59954811953355,8.396965284035979,61.58053812720743,High
43.40711271887527,9.108063390263172,245.80372157551147,8.82804915690442,37.172849638515416,Critical
8.857489472369295,1.2301915687976934,586.932401115935,5.70785193515784,66.63582613609512,Medium
34.63129761130823,6.166253570481213,108.53514082733899,5.692534397127364,54.593979573611364,Medium
41.90576448240551,6.106686667092671,479.4947826628692,4.035459063871855,30.481693844921047,Critical
47.230710973701164,4.431369242586493,200.51562850386594,7.40125344165187,62.06623603914625,High
34.16240141448229,11.195098350836066,438.5222074656962,8.127199478743144,19.301894423430454,Critical
24.858738200421364,9.930075838478654,252.0066025773977,4.733041501800016,52.91283064640243,High
30.892362010060694,8.366512582915641,347.015857869924,4.798331746835753,44.97184840360277,Critical
43.44524922393591,8.57191962881997,499.56706399567867,7.950416249857189,31.429886625395262,Critical
28.530487331941483,5.540593725757429,482.4993389903305,7.081453741770723,58.32039981916001,High
1.519352984841843,11.05193425315891,519.8539101238201,4.224302788138585,79.7066873872226,High
46.54743477534889,8.335145127039425,35.77039520679541,7.112734952311408,89.91237598104614,High
34.476337551578055,8.747772739869797,415.2303318238469,5.5445886142188305,58.62102149947396,Critical
33.82566928886233,10.340290845448143,83.99242603305773,5.84362577735423,42.376469946333614,High
10.783757619885858,3.288859072106292,249.4911408110466,7.848657091484401,28.01656801729613,Medium
32.94427351163286,9.684850846400437,329.1530490328131,8.054675963363053,30.56768715160894,Critical
19.693220282707923,2.3428872354779045,241.64369084809846,6.001783134199153,48.356398251981254,Medium
32.561648852074605,4.1441034269386545,311.7670054818045,8.735764680031775,39.38221610245674,High
5.3296515153995365,4.027325451238113,597.9157852791715,6.032313589760362,83.10516180999554,High
32.8922652301518,11.742305620669686,81.13038822771284,7.8591801761505495,39.46363741245676,High
49.97068628853333,10.278446684975123,405.27362720185533,6.419386322821295,39.87556729163484,Critical
2.4106019430278014,8.414038339083117,237.60057983136912,8.48766163261042,40.68276099471816,High
48.858709211065865,8.724681139384682,79.80587934439727,8.538806218250894,76.92961682941265,High
20.345398036143532,6.744873532830853,95.24205802458572,4.437084039355419,62.06306566775215,Medium
43.537672516862955,11.36508800530223,569.5638637473702,8.682466656551128,59.13350802551142,Critical
39.11927420291367,5.955105034588339,527.7608980270572,8.127674207602078,36.73144179070897,Critical
28.35081304933339,4.566212518438734,544.2251762490131,7.956553571563335,75.43233414659515,High
36.92246046256633,1.956424043179092,594.9196654964319,5.004556698427612,13.06910890845609,High
43.9257780650674,9.434467827132696,124.98923400511077,8.025596043773325,79.66377378704905,High
20.20701608255165,8.813327184907097,213.26360241843705,8.250663673425183,51.019991983514366,High
16.351658078161936,4.612260462289619,401.53141795492,5.445751672270754,41.860018789073024,High
33.379669278179236,0.3023209675107523,290.2815239163883,8.76130039181162,49.773382457414854,Medium
40.39229709706293,10.067967932616128,251.0337200270001,4.249300731995821,63.39324244270649,Critical
38.11425673883079,0.1370158014488836,214.68674960135584,4.749546266235698,11.021234121431789,High
39.89068244293173,8.444397355548611,356.2683791660713,6.687905690257572,79.72414851665982,Critical
21.77916574064665,11.643085316712686,345.3560571840492,6.878962355611549,45.73916202491142,Critical
40.89171080875108,5.251935937778441,96.87470043854405,7.225750416504517,37.437321576006255,High
6.010452768530422,2.819680859951433,283.04390251106344,4.084845646577333,21.059645250724568,Medium
27.224454898042477,8.45845212052058,332.08306572590993,8.801833873110652,45.15722994867537,Critical
0.2879330249060785,9.80553770418702,342.1721632388343,4.22294046367072,49.705821702750306,High
16.229291495013516,6.557163792934167,126.06431574741109,4.715309763617012,42.29173555947823,Medium
18.323076743569892,11.604423303073755,445.36283535137204,4.070072587630285,64.29280750615177,High
19.80863458046277,0.6200246598955332,15.11945689264178,6.834292166470473,43.67172230073808,Low
34.773360334493105,6.057547179654337,212.8991133258976,8.661334419604861,86.91340622772587,High
19.427905063517287,8.621447367870601,468.12758912138014,7.329735830402321,57.94220142588735,High
22.43468113112653,10.351685653790147,338.3357526332414,8.113287342402137,74.59823485215271,Critical
11.877206543716373,2.1510673428934806,156.69745950651614,4.0664060172929,18.748472248758308,Medium
18.662589581467003,9.600041781164176,416.97187160582865,6.71007649239863,41.78330343567246,High
11.363481363157574,6.632484908622543,340.434566493644,6.297814887527609,36.94781611577221,High
3.659796188422182,4.758644183879559,477.7461656738323,6.494839721103965,55.55859105092735,High
30.172429669068894,1.5805803429491228,441.01511171389404,4.3610659266759395,78.88908160491405,High
33.410639927750815,10.38354910690695,366.0647532217408,7.422176805346537,16.267057420960533,Critical
30.974517300480723,1.8872784981565842,292.90660518648843,6.516102074293173,15.805983843576863,Medium
23.17470219002862,3.717454310509191,79.90927540051405,7.82574424930632,78.02541665260792,Low
18.989289008961492,3.4805463835492425,156.79981073123025,6.4264531703085765,27.028006883068592,Medium
43.16668247859126,10.456968410290251,251.45968375025117,4.74690818113216,63.5002603559851,Critical
